timestamp,open,high,low,close,volume
1640995200000,3676.93,3764.52,3676.93,3716.08,14865.95402848
1641024000000,3715.3,3745.0,3671.74,3725.25,12924.7081555
1641052800000,3725.24,3777.2,3717.93,3765.82,18443.40484861
1641081600000,3765.82,3770.99,3714.88,3748.09,14163.24181251
1641110400000,3748.1,3788.56,3731.0,3778.99,12454.75771501
1641139200000,3778.98,3857.69,3771.43,3828.88,19547.09425114
1641168000000,3828.63,3828.63,3775.67,3809.28,15094.64945451
1641196800000,3809.28,3851.58,3776.98,3783.69,18861.36340326
1641225600000,3783.68,3794.48,3682.51,3765.14,24415.86363477
1641254400000,3765.13,3773.65,3713.89,3763.67,17249.40060587
1641283200000,3763.68,3894.35,3758.02,3849.0,29380.78503448
1641312000000,3849.0,3863.5,3758.25,3785.14,29363.94030195
1641340800000,3785.14,3827.01,3767.34,3816.21,16212.92500715
1641369600000,3816.2,3847.22,3761.25,3821.08,26159.86370381
1641398400000,3821.09,3823.86,3401.36,3539.99,73144.25519418
1641427200000,3539.99,3550.82,3406.53,3453.52,38191.80960633
1641456000000,3453.53,3455.84,3296.13,3396.7,38143.52364087
1641484800000,3396.7,3461.39,3382.87,3406.6,26707.15549321
1641513600000,3406.6,3416.2,3114.6,3201.56,53581.99920469
1641542400000,3202.14,3291.33,3060.85,3132.34,42077.85290402
1641571200000,3131.09,3225.88,3091.26,3197.87,34075.40292773
1641600000000,3197.87,3255.5,3180.0,3215.98,18965.2366788
1641628800000,3215.97,3247.5,3145.61,3160.59,21698.09411853
1641657600000,3160.59,3180.35,2998.49,3081.05,61453.71786441
1641686400000,3081.05,3155.2,3057.83,3127.25,23900.85196707
1641715200000,3126.98,3139.3,3071.49,3098.59,22260.73201711
1641744000000,3097.92,3210.8,3092.72,3151.57,34366.76130374
1641772800000,3152.15,3181.45,3111.8,3162.87,26095.4260221
1641801600000,3163.23,3169.69,2928.76,3005.3,46556.75007053
1641830400000,3005.3,3097.52,2968.61,3082.72,33048.31991713
1641859200000,3083.02,3135.12,3052.31,3128.49,20426.6599633
1641888000000,3128.5,3157.12,3073.66,3133.78,33256.56439668
1641916800000,3133.79,3264.65,3130.18,3240.17,42795.43634559
1641945600000,3240.18,3261.0,3205.69,3217.86,27403.29331413
1641974400000,3217.55,3387.79,3215.53,3361.05,45772.59303872
1642003200000,3361.05,3411.68,3335.6,3372.14,31467.51651593
1642032000000,3372.14,3384.79,3315.0,3340.38,23385.8186173
1642060800000,3340.38,3410.94,3265.92,3300.84,30974.14317492
1642089600000,3301.23,3318.44,3232.86,3241.02,30566.96109524
1642118400000,3240.9,3312.82,3223.11,3268.78,22003.76875111
1642147200000,3268.79,3300.47,3186.19,3278.85,34531.3010939
1642176000000,3278.72,3342.83,3259.3,3308.17,21247.35517891
1642204800000,3308.17,3326.67,3294.22,3315.19,12273.49662335
1642233600000,3315.2,3370.0,3261.6,3362.89,19866.64499685
1642262400000,3362.89,3372.91,3324.49,3325.64,17617.68259273
1642291200000,3325.64,3339.57,3295.53,3332.7,13183.21098891
1642320000000,3332.38,3362.56,3273.91,3352.96,17497.98652995
1642348800000,3353.48,3393.19,3310.83,3347.28,12355.23840777
1642377600000,3347.28,3357.83,3236.91,3270.9,20809.87500351
1642406400000,3270.9,3281.49,3217.8,3236.48,18997.05842663
1642435200000,3236.78,3246.77,3141.65,3210.25,28911.08585109
1642464000000,3210.25,3243.6,3163.38,3187.65,20315.3095749
1642492800000,3187.65,3192.45,3100.0,3116.04,27868.94708775
1642521600000,3116.51,3192.76,3082.98,3160.2,29832.4721449
1642550400000,3160.2,3174.89,3048.0,3061.96,20210.70109676
1642579200000,3062.35,3161.23,3046.63,3123.27,25932.36265647
1642608000000,3123.27,3158.57,3082.01,3084.76,25800.60686688
1642636800000,3084.47,3152.82,3083.68,3137.92,13330.35644778
1642665600000,3137.93,3268.9,3116.9,3260.34,23274.25762028
1642694400000,3261.19,3275.01,2986.97,3000.95,44334.29513205
1642723200000,3000.41,3037.11,2809.5,2882.48,52596.6505731
1642752000000,2882.48,2899.3,2731.44,2831.26,43586.99515802
1642780800000,2831.28,2861.93,2461.0,2567.52,84240.28770844
1642809600000,2567.98,2624.97,2424.63,2463.24,51867.38844581
1642838400000,2463.23,2518.07,2300.0,2386.79,66130.26602102
1642867200000,2386.4,2474.0,2318.91,2411.56,58380.29194065
1642896000000,2412.05,2502.15,2386.37,2488.14,31880.33901896
1642924800000,2488.22,2551.7,2405.5,2432.9,46590.19212452
1642953600000,2432.9,2550.0,2370.94,2539.68,34176.94754668
1642982400000,2539.68,2540.73,2380.34,2385.76,33438.92254928
1643011200000,2385.76,2443.1,2158.04,2275.16,85307.74659933
1643040000000,2275.16,2480.0,2213.26,2440.38,62710.6601645
1643068800000,2440.01,2442.44,2351.59,2384.22,23950.89835983
1643097600000,2383.02,2468.96,2364.98,2418.93,38642.72835087
1643126400000,2419.42,2506.95,2404.01,2459.0,42761.71306543
1643155200000,2459.0,2505.6,2414.35,2462.67,27339.56598999
1643184000000,2462.45,2666.4,2461.6,2605.26,53337.9203123
1643212800000,2605.26,2722.53,2402.47,2462.3,82184.91431245
1643241600000,2463.0,2494.88,2345.72,2403.22,52922.41424326
1643270400000,2403.55,2521.38,2385.73,2479.26,39249.74373127
1643299200000,2480.1,2496.0,2315.59,2424.72,59423.35978699
1643328000000,2424.73,2474.37,2362.57,2390.81,39808.64931075
1643356800000,2390.81,2448.4,2358.22,2443.17,45691.9538237
1643385600000,2443.17,2558.4,2426.2,2546.15,39088.77486958
1643414400000,2546.13,2587.1,2518.0,2568.13,23255.27785992
1643443200000,2568.13,2608.31,2525.2,2544.21,23543.96882466
1643472000000,2543.29,2636.75,2526.29,2601.99,22489.00679052
1643500800000,2601.78,2633.0,2550.4,2619.1,19227.74422581
1643529600000,2619.1,2639.7,2584.4,2617.46,18241.98937643
1643558400000,2617.48,2630.29,2542.06,2601.24,26021.84676448
1643587200000,2601.24,2607.82,2476.44,2528.98,24784.33780334
1643616000000,2529.0,2635.19,2518.12,2620.74,30388.13246411
1643644800000,2621.0,2706.27,2614.36,2686.71,38657.01142809
1643673600000,2686.94,2766.95,2674.47,2736.68,28472.14962902
1643702400000,2737.09,2810.6,2719.8,2768.69,32701.57785673
1643731200000,2768.89,2813.82,2746.62,2787.52,29392.96417858
1643760000000,2787.41,2803.0,2741.4,2750.03,22654.5213646
1643788800000,2750.37,2810.57,2653.39,2663.63,36269.34207682
1643817600000,2663.47,2734.52,2613.43,2679.78,51273.69141998
1643846400000,2680.39,2724.16,2637.95,2670.5,25835.36508984
1643875200000,2670.46,2684.8,2575.61,2641.04,33951.80976277
1643904000000,2641.03,2699.63,2576.0,2696.71,37417.81183304
1643932800000,2696.34,2810.0,2670.8,2803.83,30914.41625203
1643961600000,2803.84,2926.85,2762.5,2872.33,56816.30983554
1643990400000,2872.04,2998.8,2868.16,2995.87,44327.63163032
1644019200000,2995.87,3036.97,2957.77,3001.48,28239.8218142
1644048000000,3001.49,3065.22,2988.0,3051.71,23359.65289559
1644076800000,3051.41,3055.75,2959.99,3013.39,23999.66879015
1644105600000,3012.74,3034.19,2989.71,3010.6,10959.30953752
1644134400000,3009.96,3046.65,2946.4,2991.35,24249.49394636
1644163200000,2991.84,3077.7,2975.45,3055.97,22674.88119194
1644192000000,3055.98,3111.0,2993.17,3079.44,38452.2481049
1644220800000,3079.44,3128.83,3050.0,3123.73,34184.65415985
1644249600000,3122.87,3187.2,3106.51,3139.76,40237.49154385
1644278400000,3139.76,3233.51,3112.05,3173.48,35958.54380089
1644307200000,3173.49,3178.24,3020.0,3076.34,50557.94156819
1644336000000,3076.35,3137.9,3025.71,3116.6,43200.34577736
1644364800000,3116.8,3136.39,3055.16,3105.68,25002.44695368
1644393600000,3105.91,3216.28,3068.69,3179.22,29493.67539524
1644422400000,3178.68,3270.63,3163.51,3243.58,32385.67907782
1644451200000,3243.59,3248.2,3156.93,3189.83,21025.54428153
1644480000000,3189.84,3284.0,3083.56,3209.74,63273.20666877
1644508800000,3209.74,3247.0,3056.72,3072.44,41123.19573753
1644537600000,3072.56,3105.69,3000.84,3098.51,27415.02386044
1644566400000,3098.51,3139.37,3062.32,3103.43,27776.90482186
1644595200000,3103.3,3113.14,2875.0,2926.93,55795.78057769
1644624000000,2926.92,2961.77,2881.53,2918.71,24205.33026995
1644652800000,2918.72,2943.59,2857.0,2880.15,25995.16679428
1644681600000,2880.14,2985.6,2864.55,2918.91,30061.78691388
1644710400000,2918.91,2946.7,2897.6,2922.62,12560.654205
1644739200000,2922.62,2954.52,2903.87,2919.01,16135.49177469
1644768000000,2919.32,2921.81,2835.28,2871.82,30464.72632407
1644796800000,2871.82,2893.19,2830.0,2882.48,21594.35387792
1644825600000,2882.18,2966.24,2846.3,2937.55,33515.08482419
1644854400000,2937.55,2964.76,2857.21,2929.97,34090.16828839
1644883200000,2929.97,3061.73,2912.81,3049.75,31470.65810641
1644912000000,3049.76,3147.77,3041.11,3122.82,33852.00864291
1644940800000,3122.82,3197.57,3087.3,3183.96,25191.27645353
1644969600000,3184.19,3184.64,3105.36,3149.05,22223.37355552
1644998400000,3149.05,3163.02,3052.0,3066.17,26778.6160286
1645027200000,3066.18,3188.65,3037.8,3122.17,26452.75263383
1645056000000,3122.44,3160.01,3051.0,3109.04,24340.49291136
1645084800000,3109.04,3135.8,2961.7,2989.08,36290.83002598
1645113600000,2989.35,3005.18,2852.0,2891.64,46923.06769243
1645142400000,2891.74,2920.2,2861.0,2904.74,22046.06006867
1645171200000,2904.82,2944.09,2783.51,2799.68,39514.32918174
1645200000000,2799.67,2826.19,2749.6,2779.52,39546.36269571
1645228800000,2779.53,2830.59,2766.6,2811.9,16209.69581847
1645257600000,2812.16,2819.38,2695.3,2745.7,25120.24159522
1645286400000,2745.7,2795.43,2727.53,2763.88,21655.90847044
1645315200000,2763.88,2764.99,2621.0,2653.54,25906.96493388
1645344000000,2653.54,2664.0,2600.0,2652.61,24758.86232834
1645372800000,2652.6,2675.6,2575.76,2621.86,27473.55434572
1645401600000,2621.85,2756.24,2605.29,2747.74,26610.88826553
1645430400000,2747.73,2759.89,2581.71,2722.93,49884.05728363
1645459200000,2723.42,2744.97,2558.5,2568.9,47985.66925274
1645488000000,2568.9,2621.92,2500.0,2515.61,33705.18713633
1645516800000,2515.84,2666.0,2514.56,2624.45,44622.1881097
1645545600000,2623.84,2661.36,2580.2,2636.66,37404.84534124
1645574400000,2636.45,2698.38,2595.77,2695.06,26848.03621757
1645603200000,2695.06,2752.89,2682.26,2688.29,30497.0025587
1645632000000,2688.29,2730.0,2575.6,2579.14,37541.71472122
1645660800000,2579.14,2592.99,2300.0,2370.94,84217.76570313
1645689600000,2370.76,2477.5,2332.1,2455.36,75616.13466111
1645718400000,2455.36,2755.4,2429.3,2595.5,90543.03651953
1645747200000,2595.99,2649.91,2582.68,2613.23,38835.57281632
1645776000000,2613.14,2744.07,2571.9,2732.79,46486.11060747
1645804800000,2733.85,2833.3,2665.42,2767.99,44696.97240493
1645833600000,2767.99,2878.9,2756.6,2792.74,27913.02790809
1645862400000,2792.69,2816.39,2727.8,2784.89,28454.30627352
1645891200000,2784.89,2855.0,2764.5,2778.96,27650.81351343
1645920000000,2778.96,2791.0,2678.0,2735.63,24022.70173374
1645948800000,2735.47,2836.31,2709.23,2808.47,46712.18712879
1645977600000,2808.49,2809.29,2558.17,2617.0,63295.04593446
1646006400000,2617.09,2679.0,2569.08,2635.13,47382.06555297
1646035200000,2635.13,2826.67,2606.96,2815.41,40810.25694405
1646064000000,2815.41,2955.54,2787.9,2921.96,54217.94309927
1646092800000,2921.66,2974.42,2882.16,2921.3,27077.22762014
1646121600000,2921.55,3037.59,2853.75,2949.96,34514.19499665
1646150400000,2949.37,2979.68,2896.37,2976.1,19708.05292525
1646179200000,2976.24,3044.17,2914.0,2969.13,23061.30024902
1646208000000,2969.08,3035.0,2925.31,2951.98,37583.58169095
1646236800000,2952.63,2987.85,2914.34,2947.4,23029.91990897
1646265600000,2947.4,2971.38,2871.0,2908.41,21600.08300929
1646294400000,2908.71,2935.44,2816.05,2827.97,22827.66687447
1646323200000,2827.98,2849.55,2784.74,2833.29,28188.23535746
1646352000000,2833.29,2838.01,2678.36,2732.69,28437.43600341
1646380800000,2732.82,2759.24,2665.34,2671.84,24602.58319854
1646409600000,2671.54,2697.76,2572.54,2622.3,29433.69812127
1646438400000,2622.01,2643.8,2589.04,2638.22,14050.02079854
1646467200000,2638.39,2672.39,2627.4,2642.59,12421.06022602
1646496000000,2642.88,2686.0,2639.52,2665.79,12166.06139294
1646524800000,2665.26,2676.28,2615.4,2645.08,12674.75808633
1646553600000,2645.08,2648.99,2582.71,2627.12,19322.76432612
1646582400000,2627.11,2655.4,2534.84,2550.28,19508.18156271
1646611200000,2550.64,2561.16,2508.23,2521.2,24054.86501036
1646640000000,2521.06,2648.99,2493.99,2617.15,29336.71776268
1646668800000,2617.1,2640.58,2445.34,2492.17,48250.25446038
1646697600000,2491.3,2573.16,2480.19,2535.94,20620.10937289
1646726400000,2535.94,2609.8,2527.51,2559.44,25131.06116444
1646755200000,2559.69,2624.5,2525.26,2575.97,25758.41765336
1646784000000,2575.97,2747.66,2568.11,2745.95,32501.172758
1646812800000,2745.37,2773.91,2712.1,2757.01,28636.85141088
1646841600000,2757.73,2759.38,2679.09,2727.3,16173.22757513
1646870400000,2727.54,2733.74,2572.22,2593.16,20040.33255109
1646899200000,2593.17,2647.64,2551.82,2598.01,17267.0063713
1646928000000,2597.31,2621.03,2583.86,2606.81,9569.05024928
1646956800000,2606.76,2617.16,2521.81,2608.33,13282.22900791
1646985600000,2608.83,2676.9,2567.55,2580.83,16717.40665499
1647014400000,2580.58,2587.0,2526.84,2556.7,10608.00108659
1647043200000,2556.71,2600.68,2553.3,2588.91,6196.73897479
1647072000000,2589.38,2596.67,2562.59,2585.0,6111.46454479
1647100800000,2585.01,2614.4,2562.66,2568.56,8730.28091313
1647129600000,2568.58,2603.52,2557.76,2581.09,5743.48160413
1647158400000,2581.1,2595.81,2533.78,2579.73,9477.04379953
1647187200000,2579.51,2586.5,2492.92,2515.65,10769.37990631
1647216000000,2515.65,2605.14,2499.08,2586.93,12817.62758742
1647244800000,2587.17,2608.9,2555.0,2573.34,10638.25231338
1647273600000,2573.24,2596.3,2514.26,2590.08,13384.35434156
1647302400000,2590.08,2602.72,2506.0,2532.6,11983.0316864
1647331200000,2532.6,2592.0,2510.57,2572.18,9528.88351713
1647360000000,2572.01,2668.39,2567.71,2618.01,16338.63373522
1647388800000,2618.01,2733.1,2603.59,2646.06,18237.42083971
1647417600000,2646.5,2723.4,2644.54,2704.28,13984.44524765
1647446400000,2704.29,2789.3,2631.78,2773.66,23468.24797983
1647475200000,2773.65,2787.5,2746.75,2755.86,8730.8875259
1647504000000,2755.81,2836.65,2751.53,2801.72,14718.01529348
1647532800000,2801.68,2834.9,2774.45,2812.68,11568.6650594
1647561600000,2812.7,2814.18,2767.2,2794.28,8534.09487196
1647590400000,2794.29,2901.92,2780.62,2896.73,15321.96950733
1647619200000,2896.73,2984.3,2882.59,2939.07,18494.94568938
1647648000000,2939.1,2979.84,2921.31,2924.03,8759.91049746
1647676800000,2924.04,2977.87,2922.36,2967.71,7396.04127772
1647705600000,2967.71,2987.64,2893.24,2950.89,10710.92174652
1647734400000,2950.89,2964.2,2907.13,2925.21,6970.76332923
1647763200000,2925.21,2930.7,2847.29,2854.05,10951.27760708
1647792000000,2854.05,2912.36,2818.11,2861.72,14980.10270363
1647820800000,2861.73,2895.33,2830.8,2890.39,12180.83160871
1647849600000,2889.96,2956.96,2873.62,2955.0,14246.61427957
1647878400000,2955.31,2960.76,2882.93,2890.29,11614.53935347
1647907200000,2890.28,3054.4,2886.55,2992.9,23210.55114567
1647936000000,2992.91,3029.3,2985.21,3002.42,13936.65076958
1647964800000,3002.43,3016.8,2960.61,2969.16,13323.65103007
1647993600000,2969.42,2992.8,2920.05,2949.54,13327.69409678
1648022400000,2949.55,3039.2,2933.78,3031.61,15487.27770389
1648051200000,3031.61,3044.47,2951.81,3035.96,15413.07235428
1648080000000,3035.96,3081.14,3005.01,3037.16,17348.89223032
1648108800000,3037.32,3129.22,3002.35,3115.09,22020.11658162
1648137600000,3115.08,3122.98,3085.78,3110.72,12542.15769934
1648166400000,3110.72,3146.41,3094.02,3128.29,11484.85639389
1648195200000,3128.3,3193.78,3096.0,3120.25,21800.98298241
1648224000000,3120.38,3138.62,3076.5,3101.96,13778.20645019
1648252800000,3101.96,3138.9,3085.0,3134.36,7012.4336112
1648281600000,3134.37,3139.1,3108.0,3116.49,6431.96393158
1648310400000,3116.5,3152.39,3109.18,3144.66,8098.38464475
1648339200000,3144.67,3169.64,3133.91,3155.1,8639.36343833
1648368000000,3155.1,3176.71,3126.5,3170.43,9879.39564398
1648396800000,3170.43,3299.62,3164.42,3295.48,23093.30694653
1648425600000,3295.48,3339.13,3275.23,3319.38,24555.13094961
1648454400000,3319.38,3400.44,3305.4,3357.4,27174.23890075
1648483200000,3357.4,3430.0,3311.0,3333.69,35990.37639207
1648512000000,3333.69,3423.3,3330.67,3387.54,20021.07409991
1648540800000,3387.53,3481.93,3385.75,3403.42,31000.96628563
1648569600000,3403.43,3442.6,3342.25,3400.52,25690.80154322
1648598400000,3400.52,3417.74,3331.9,3408.35,19969.70963685
1648627200000,3408.35,3419.15,3348.23,3382.69,19216.50318581
1648656000000,3382.69,3447.29,3371.33,3386.05,24625.72957489
1648684800000,3386.04,3425.0,3377.68,3403.4,17719.79598655
1648713600000,3403.39,3444.45,3336.44,3350.0,30511.37723948
1648742400000,3350.0,3355.4,3262.5,3281.09,47672.58308554
1648771200000,3281.88,3308.97,3210.93,3280.34,36010.24751019
1648800000000,3280.34,3452.18,3261.91,3432.36,47680.62610937
1648828800000,3432.35,3481.2,3405.3,3455.55,41620.76950644
1648857600000,3455.54,3523.59,3439.01,3483.7,37054.23774453
1648886400000,3484.03,3531.27,3445.0,3461.86,41166.70737605
1648915200000,3461.55,3487.64,3430.78,3444.31,29076.93151476
1648944000000,3444.31,3508.09,3412.27,3490.39,26131.71574696
1648972800000,3490.46,3519.67,3470.77,3500.09,31872.49076199
1649001600000,3500.09,3580.28,3476.3,3521.62,43903.63562396
1649030400000,3521.63,3523.41,3469.3,3502.41,31010.64953145
1649059200000,3502.41,3505.7,3421.3,3424.65,56945.37453463
1649088000000,3425.0,3547.8,3408.16,3518.9,48926.41252595
1649116800000,3518.9,3535.81,3500.15,3526.75,23362.99722018
1649145600000,3526.75,3554.74,3440.2,3452.49,38692.41316363
1649174400000,3452.49,3477.4,3396.49,3406.31,36159.46446459
1649203200000,3406.8,3407.42,3262.4,3345.96,45712.60405656
1649232000000,3345.97,3360.81,3215.59,3257.1,42683.83982038
1649260800000,3256.67,3263.91,3161.7,3167.78,31450.34776507
1649289600000,3167.69,3234.58,3141.51,3225.09,15994.56858696
1649318400000,3225.1,3269.1,3159.32,3199.27,21857.46454764
1649347200000,3198.74,3259.15,3195.25,3226.96,15900.58461324
1649376000000,3226.87,3288.0,3216.42,3286.59,19202.93964285
1649404800000,3286.59,3314.2,3211.84,3280.89,31306.56034481
1649433600000,3280.95,3291.49,3174.06,3192.65,23088.66529596
1649462400000,3192.14,3228.31,3180.09,3209.57,9992.32961234
1649491200000,3209.57,3234.2,3194.12,3208.85,8749.47582035
1649520000000,3208.95,3268.95,3202.34,3258.58,11792.5549717
1649548800000,3258.58,3267.6,3234.44,3242.64,7020.93831578
1649577600000,3242.65,3260.9,3232.6,3256.07,7625.04658635
1649606400000,3256.08,3307.44,3191.0,3202.31,23644.93783042
1649635200000,3202.32,3213.82,3153.0,3178.88,15698.19115156
1649664000000,3178.69,3180.5,3002.32,3003.02,29309.74060324
1649692800000,3002.76,3040.23,2947.79,2979.84,26060.68665452
1649721600000,2979.84,3027.94,2949.0,3025.09,19240.0730437
1649750400000,3025.08,3085.13,3012.0,3044.58,32718.67578654
1649779200000,3045.39,3063.49,2967.15,3027.2,28110.54669399
1649808000000,3027.2,3069.81,3005.62,3051.04,23275.97545806
1649836800000,3051.28,3116.17,2998.66,3093.47,36121.50737106
1649865600000,3093.48,3131.07,3070.22,3118.22,23862.07904305
1649894400000,3118.22,3146.08,3099.46,3113.67,13825.64393803
1649923200000,3113.66,3122.15,3011.56,3016.21,28842.64812959
1649952000000,3016.21,3026.2,2975.94,3022.05,19051.83406568
1649980800000,3022.06,3046.83,3011.15,3033.95,9988.05996386
1650009600000,3034.96,3060.0,2993.63,3028.51,13872.88852783
1650038400000,3028.52,3044.67,3009.21,3040.2,9155.55742286
1650067200000,3040.2,3049.79,3032.73,3034.2,5803.39727551
1650096000000,3034.2,3058.6,3010.45,3017.22,11552.27063444
1650124800000,3017.22,3085.87,3013.79,3059.53,11349.08251533
1650153600000,3059.53,3064.44,3022.05,3038.03,8888.74583789
1650182400000,3037.87,3082.29,3037.33,3072.97,13937.15516903
1650211200000,3072.97,3077.99,2981.85,2988.36,24208.96099895
1650240000000,2987.69,3002.35,2880.0,2892.22,20762.67963783
1650268800000,2892.22,2952.39,2889.0,2914.9,17073.81866467
1650297600000,2914.73,3069.97,2895.19,3055.87,28490.47778832
1650326400000,3055.87,3094.83,3030.06,3039.29,22905.74368263
1650355200000,3039.28,3130.14,3032.68,3110.94,31035.45050274
1650384000000,3110.65,3125.29,3080.61,3102.43,17426.69465154
1650412800000,3102.01,3115.0,3066.38,3089.63,16899.50387241
1650441600000,3089.62,3167.0,3051.8,3068.57,44673.39900702
1650470400000,3068.27,3096.47,3035.81,3076.5,23658.0788195
1650499200000,3076.03,3105.91,3066.27,3101.3,21213.52649239
1650528000000,3101.31,3178.8,3084.55,3104.76,45891.19549125
1650556800000,3104.76,3108.18,2941.0,2983.18,39582.92179388
1650585600000,2983.19,3034.71,2968.33,3020.18,24910.75353066
1650614400000,3020.18,3029.35,2943.61,2949.38,34754.32701501
1650643200000,2949.87,2983.3,2934.37,2962.23,25282.10849668
1650672000000,2962.23,2975.74,2915.77,2959.68,12450.74273024
1650700800000,2959.91,2971.42,2946.33,2966.31,9034.46723953
1650729600000,2966.32,2978.49,2921.5,2932.46,9473.46291448
1650758400000,2932.46,2959.95,2922.35,2949.27,7771.46601369
1650787200000,2949.27,2957.51,2912.22,2944.1,12966.27818048
1650816000000,2944.11,2967.2,2916.51,2921.0,18374.23261432
1650844800000,2921.01,2925.42,2794.6,2811.5,27975.85710506
1650873600000,2811.49,2896.19,2797.55,2869.41,27960.17576368
1650902400000,2869.41,3027.0,2865.35,3006.39,26231.69995984
1650931200000,3006.71,3038.2,2979.49,3003.57,14403.11295066
1650960000000,3003.57,3020.96,2854.1,2859.62,25900.2245519
1650988800000,2859.62,2885.4,2766.16,2809.44,33114.23677415
1651017600000,2809.99,2889.0,2794.07,2888.27,14450.25000348
1651046400000,2889.0,2919.88,2821.31,2864.82,26788.19562936
1651075200000,2864.94,2899.25,2838.59,2889.39,14722.97635963
1651104000000,2889.39,2934.82,2868.84,2901.0,15805.14965394
1651132800000,2900.91,2947.0,2854.28,2890.62,33776.68270435
1651161600000,2889.68,2980.0,2875.67,2936.96,27603.99213788
1651190400000,2936.96,2947.0,2904.29,2925.87,16818.23272108
1651219200000,2925.87,2927.65,2832.15,2856.68,37659.42920113
1651248000000,2856.68,2858.13,2776.8,2816.99,26411.13161257
1651276800000,2816.77,2841.48,2809.24,2829.44,11811.11205207
1651305600000,2829.44,2840.3,2771.53,2815.88,15667.33092614
1651334400000,2815.89,2821.4,2714.41,2726.95,25965.92422644
1651363200000,2726.95,2795.4,2716.7,2766.46,24100.3363169
1651392000000,2766.46,2818.79,2753.3,2806.02,17179.03311386
1651420800000,2806.25,2850.0,2756.0,2824.74,28719.50565768
1651449600000,2824.73,2874.9,2823.38,2845.81,27767.09620195
1651478400000,2845.82,2855.43,2779.38,2827.8,33150.75470884
1651507200000,2828.0,2882.0,2779.06,2855.84,32963.24778283
1651536000000,2856.24,2861.5,2827.81,2845.01,16239.19142119
1651564800000,2845.01,2853.96,2815.8,2822.96,23501.02560695
1651593600000,2822.97,2828.69,2754.41,2781.72,27149.12879744
1651622400000,2781.72,2832.98,2771.63,2830.0,14248.09664556
1651651200000,2830.0,2886.87,2826.0,2844.02,19312.47697537
1651680000000,2844.02,2969.26,2825.9,2940.64,26421.61095805
1651708800000,2940.65,2954.5,2925.25,2934.33,14468.240993
1651737600000,2934.33,2938.38,2728.13,2742.74,37200.20776465
1651766400000,2742.6,2771.12,2686.6,2749.24,43552.50444069
1651795200000,2749.26,2758.19,2694.79,2730.34,21012.03781289
1651824000000,2730.24,2744.7,2632.0,2687.83,50215.11757171
1651852800000,2687.83,2713.29,2669.75,2692.0,28070.15882418
1651881600000,2692.0,2698.0,2653.1,2672.71,17484.84918932
1651910400000,2672.72,2704.32,2667.64,2692.48,17295.67533945
1651939200000,2692.48,2701.51,2581.91,2635.78,39639.38383269
1651968000000,2635.79,2641.06,2518.2,2556.43,40586.15337351
1651996800000,2556.43,2578.21,2512.81,2516.62,26010.57741333
1652025600000,2516.69,2571.93,2481.27,2519.95,24508.45155845
1652054400000,2519.95,2530.7,2423.39,2447.87,27985.86642416
1652083200000,2447.88,2469.6,2347.06,2381.01,61432.61203584
1652112000000,2381.01,2405.0,2225.12,2229.29,96931.53859342
1652140800000,2228.37,2439.29,2200.0,2372.84,66211.51659258
1652169600000,2374.19,2457.69,2321.9,2361.89,72206.27559863
1652198400000,2361.9,2410.5,2259.62,2342.0,56388.78700075
1652227200000,2342.0,2405.0,2268.0,2316.17,84672.90807826
1652256000000,2316.17,2451.8,2100.0,2266.01,140786.61583288
1652284800000,2266.0,2284.0,2003.91,2085.6,94025.21482976
1652313600000,2085.49,2194.36,1792.41,1919.57,139823.70468508
1652342400000,1920.0,2053.08,1871.0,1968.01,106044.58184186
1652371200000,1968.41,2039.0,1869.57,1960.15,69474.9396485
1652400000000,1960.15,2145.1,1940.55,2047.83,57780.53648305
1652428800000,2047.83,2148.0,2047.36,2093.71,50738.80113296
1652457600000,2093.98,2112.59,2000.74,2009.22,42213.88002949
1652486400000,2009.22,2069.85,2001.2,2031.82,25884.88239048
1652515200000,2032.12,2054.49,1950.57,1963.72,29744.21732543
1652544000000,1963.7,2066.9,1955.1,2056.43,39639.64179422
1652572800000,2056.97,2079.59,2001.0,2037.62,15553.9895081
1652601600000,2037.61,2099.98,2018.65,2062.23,24299.09337332
1652630400000,2062.54,2167.0,2057.01,2145.5,31135.14155262
1652659200000,2145.5,2145.5,1991.91,2011.52,27988.53843362
1652688000000,2011.86,2060.45,1979.13,2014.87,29523.47415566
1652716800000,2014.88,2056.37,1980.0,2023.44,25718.72351832
1652745600000,2023.78,2093.92,2018.83,2070.86,15401.92905043
1652774400000,2070.86,2123.34,2043.33,2061.14,26142.52811848
1652803200000,2061.14,2102.0,2007.12,2090.96,40260.34665007
1652832000000,2090.82,2110.81,2017.78,2038.98,36639.2666068
1652860800000,2038.99,2049.3,1943.84,1955.95,34421.78855925
1652889600000,1955.96,1993.7,1908.0,1914.89,31246.21168199
1652918400000,1914.89,1973.1,1903.0,1952.5,31671.85529782
1652947200000,1952.33,2039.9,1913.64,2023.34,46107.52229782
1652976000000,2023.76,2029.36,1990.71,2020.0,29749.7804285
1653004800000,2020.0,2053.89,2001.7,2026.18,20687.55498453
1653033600000,2025.94,2064.0,1952.2,1961.05,30362.92479907
1653062400000,1961.08,1978.85,1923.0,1959.01,30477.85384274
1653091200000,1959.01,1986.45,1937.23,1978.77,17021.60289122
1653120000000,1978.77,1988.82,1956.11,1980.64,23391.79035961
1653148800000,1980.65,1991.19,1965.5,1974.97,16992.95646969
1653177600000,1974.97,1984.1,1966.74,1975.9,11534.21146809
1653206400000,1975.9,2038.49,1973.54,2004.32,28540.460474
1653235200000,2004.32,2056.92,1992.4,2043.13,20624.49215946
1653264000000,2043.13,2081.01,2019.29,2066.9,21525.8524066
1653292800000,2066.9,2089.29,2035.47,2065.44,37522.59675977
1653321600000,2065.45,2079.19,1956.87,1973.38,36129.2857764
1653350400000,1973.4,1993.74,1968.99,1985.3,17935.75728576
1653379200000,1985.12,1985.52,1912.62,1962.91,32758.6699676
1653408000000,1962.72,1991.97,1935.29,1979.34,28286.51057895
1653436800000,1979.33,2022.38,1970.11,1977.02,21725.90397723
1653465600000,1977.02,1985.33,1934.4,1964.61,26068.42073864
1653494400000,1964.61,1983.39,1941.04,1943.0,23192.79311443
1653523200000,1943.0,1965.98,1909.83,1926.79,23662.23800976
1653552000000,1926.8,1927.58,1733.38,1862.23,76011.36064337
1653580800000,1862.23,1908.43,1789.09,1792.23,47822.49828811
1653609600000,1791.65,1808.79,1712.62,1764.96,56979.12041329
1653638400000,1764.47,1822.34,1750.44,1764.2,69593.45678744
1653667200000,1764.42,1774.5,1707.0,1727.66,43577.37759226
1653696000000,1727.66,1783.6,1722.19,1765.76,20411.07663852
1653724800000,1765.76,1808.89,1749.13,1795.22,18351.66771606
1653753600000,1795.23,1805.77,1759.5,1792.21,16023.08735695
1653782400000,1792.22,1796.1,1762.2,1783.81,11813.69298348
1653811200000,1783.82,1828.22,1774.64,1796.97,20927.18726282
1653840000000,1797.19,1826.55,1785.0,1813.56,19936.90197076
1653868800000,1813.57,1917.89,1803.52,1908.06,38190.16877559
1653897600000,1908.06,1924.24,1872.55,1912.56,36325.54645773
1653926400000,1912.56,2015.0,1906.27,1999.29,35102.83295345
1653955200000,1999.3,2016.3,1960.11,1970.41,30802.93863581
1653984000000,1970.41,1996.0,1930.0,1988.68,42873.05723093
1654012800000,1988.69,1999.91,1924.8,1942.23,38460.06037281
1654041600000,1942.23,1958.81,1913.61,1930.93,31132.01812237
1654070400000,1930.93,1972.85,1879.34,1880.89,54623.76676419
1654099200000,1880.71,1881.05,1762.3,1818.13,78812.01645047
1654128000000,1818.12,1837.7,1802.32,1826.41,32628.85480604
1654156800000,1826.41,1844.11,1782.59,1815.93,42424.3457738
1654185600000,1816.27,1853.37,1800.64,1834.28,25629.96021726
1654214400000,1834.27,1843.79,1806.54,1814.12,20967.12811318
1654243200000,1813.91,1821.39,1737.09,1763.59,42707.21457895
1654272000000,1763.59,1795.09,1742.51,1775.35,18889.35815717
1654300800000,1775.35,1779.81,1748.6,1769.02,12041.46031198
1654329600000,1769.01,1789.39,1756.91,1778.88,13252.44992577
1654358400000,1778.88,1816.06,1766.97,1804.72,17996.23466622
1654387200000,1804.84,1811.32,1784.35,1786.2,9669.17099459
1654416000000,1786.21,1812.74,1772.86,1811.29,14812.48881795
1654444800000,1811.29,1830.0,1795.4,1806.17,20226.19468645
1654473600000,1806.17,1896.0,1804.32,1893.63,36873.21449947
1654502400000,1893.63,1919.68,1865.64,1886.87,40152.19731075
1654531200000,1886.88,1888.96,1843.36,1859.73,36132.63498998
1654560000000,1859.74,1861.46,1725.98,1763.07,58036.85849983
1654588800000,1763.08,1794.76,1736.57,1781.61,42579.79947621
1654617600000,1781.61,1875.0,1753.13,1813.59,52571.42789212
1654646400000,1813.21,1836.98,1765.0,1806.28,41891.24098916
1654675200000,1806.29,1839.22,1784.32,1815.32,26651.40640332
1654704000000,1815.33,1822.35,1771.6,1792.0,18892.4220537
1654732800000,1792.0,1811.55,1777.44,1811.55,15149.75078401
1654761600000,1811.55,1833.05,1780.0,1799.34,25867.33579249
1654790400000,1799.25,1817.59,1781.0,1788.7,20430.95273235
1654819200000,1788.7,1804.2,1745.0,1788.76,20437.42639692
1654848000000,1788.6,1794.87,1708.0,1726.96,35822.62767004
1654876800000,1726.73,1730.8,1654.56,1662.68,37443.50292299
1654905600000,1662.68,1681.89,1658.4,1667.65,9295.85871803
1654934400000,1667.56,1670.25,1500.37,1517.55,64671.67342221
1654963200000,1518.11,1577.92,1507.12,1532.86,32623.88109787
1654992000000,1533.19,1542.43,1425.0,1471.59,44092.80619809
1655020800000,1471.59,1547.0,1428.86,1525.93,43910.87931722
1655049600000,1525.93,1532.6,1433.6,1435.51,34313.21878832
1655078400000,1435.05,1455.0,1262.9,1282.86,120970.11722501
1655107200000,1282.86,1288.89,1164.36,1229.61,193861.76078712
1655136000000,1229.9,1285.0,1168.51,1209.71,102333.03213389
1655164800000,1209.71,1255.8,1076.0,1240.81,154753.74146939
1655193600000,1241.07,1261.74,1154.55,1250.64,87686.12136248
1655222400000,1250.64,1268.74,1159.0,1208.94,58505.40392481
1655251200000,1208.95,1231.6,1082.67,1093.78,100004.62630664
1655280000000,1094.03,1160.0,1014.17,1120.3,156761.11968187
1655308800000,1120.3,1248.8,1043.68,1237.59,164810.4306036
1655337600000,1237.58,1257.7,1156.18,1165.47,68051.11730203
1655366400000,1165.55,1180.79,1082.07,1114.11,91224.03922214
1655395200000,1114.29,1134.08,1052.12,1068.55,68571.73894306
1655424000000,1068.55,1118.47,1051.17,1099.28,71709.2569671
1655452800000,1099.29,1113.16,1064.16,1084.94,65783.5903475
1655481600000,1084.94,1100.15,1071.81,1087.0,39479.93190432
1655510400000,1087.01,1097.71,988.0,1003.58,59374.35418498
1655539200000,1003.63,1018.1,975.21,989.47,66086.77613588
1655568000000,989.47,1013.18,880.43,995.15,119512.68779899
1655596800000,995.15,1009.69,936.12,955.74,62609.7860461
1655625600000,955.75,1078.0,953.11,1071.93,99104.07213526
1655654400000,1071.93,1159.09,1043.32,1128.63,77410.51376491
1655683200000,1128.63,1133.08,1052.91,1079.76,74322.98436535
1655712000000,1079.82,1169.99,1077.11,1134.94,100732.2529657
1655740800000,1134.95,1138.66,1083.4,1128.14,61240.8602407
1655769600000,1128.14,1164.89,1109.42,1148.22,68003.42908743
1655798400000,1148.22,1193.91,1135.69,1167.92,80331.99449018
1655827200000,1167.92,1174.76,1113.33,1125.64,55816.3454387
1655856000000,1126.01,1127.38,1066.08,1075.24,47519.96081876
1655884800000,1075.32,1124.83,1069.32,1074.91,56605.541048
1655913600000,1074.9,1088.9,1043.67,1049.99,62664.58695735
1655942400000,1049.82,1110.0,1045.0,1091.62,50751.9806823
1655971200000,1091.61,1130.38,1087.41,1093.93,57724.61888642
1656000000000,1094.12,1155.0,1082.69,1144.64,60655.04660294
1656028800000,1144.54,1168.67,1132.0,1148.62,68732.06854596
1656057600000,1148.5,1227.0,1143.26,1197.95,87135.05092522
1656086400000,1197.95,1245.5,1183.75,1225.2,78229.75124626
1656115200000,1225.2,1239.39,1204.13,1234.55,36106.33111977
1656144000000,1234.54,1242.0,1181.53,1183.82,38779.7860481
1656172800000,1183.83,1256.76,1180.02,1241.75,34177.98660277
1656201600000,1242.3,1251.99,1227.57,1238.11,24220.95009491
1656230400000,1238.12,1281.36,1211.21,1223.49,50549.16804267
1656259200000,1223.5,1250.0,1194.54,1197.72,45214.31797162
1656288000000,1197.72,1237.27,1195.72,1227.79,42837.78636288
1656316800000,1227.8,1239.0,1175.0,1187.47,60753.21221756
1656345600000,1187.47,1218.89,1173.59,1192.7,65338.40052573
1656374400000,1192.43,1215.19,1162.02,1207.57,49824.47762851
1656403200000,1207.57,1237.5,1181.93,1183.91,71656.7490738
1656432000000,1183.91,1195.2,1136.66,1144.25,78696.31195181
1656460800000,1144.24,1156.52,1114.18,1130.65,55214.00444526
1656489600000,1130.66,1142.59,1090.24,1114.5,66234.75089365
1656518400000,1114.1,1122.59,1087.5,1100.05,56615.62156439
1656547200000,1100.28,1107.14,1052.7,1057.59,67162.68510446
1656576000000,1057.58,1057.88,998.07,1032.38,114553.73106048
1656604800000,1032.37,1083.77,1004.42,1071.43,75089.94902772
1656633600000,1071.41,1116.0,1045.6,1066.89,81568.11853778
1656662400000,1066.9,1086.4,1033.45,1056.77,65244.29204508
1656691200000,1057.08,1092.99,1054.0,1059.71,39222.40408754
1656720000000,1059.9,1070.26,1033.51,1042.02,38794.87938073
1656748800000,1042.02,1065.2,1028.0,1052.59,34295.55336941
1656777600000,1052.58,1079.0,1049.31,1067.1,28994.95328495
1656806400000,1067.11,1088.2,1040.89,1063.91,32855.74563615
1656835200000,1063.91,1065.71,1040.91,1050.68,23049.87470793
1656864000000,1050.47,1087.34,1049.54,1074.26,29843.88979623
1656892800000,1074.27,1076.65,1045.45,1050.94,29518.78819262
1656921600000,1050.94,1131.67,1050.09,1112.11,69555.52521252
1656950400000,1112.12,1160.69,1101.82,1150.9,59372.86575375
1656979200000,1150.9,1173.59,1142.03,1158.06,47470.38097026
1657008000000,1158.07,1158.51,1074.15,1092.97,78041.89849868
1657036800000,1092.97,1170.0,1088.3,1132.3,66567.54582651
1657065600000,1132.31,1154.61,1110.97,1139.3,59504.08851272
1657094400000,1139.3,1155.88,1123.01,1133.41,55496.81426753
1657123200000,1133.41,1204.89,1132.26,1186.47,57012.51448042
1657152000000,1186.47,1189.66,1163.26,1176.74,28976.4537581
1657180800000,1176.74,1229.6,1173.01,1220.5,47342.46499778
1657209600000,1220.5,1255.0,1214.8,1237.18,61402.71474246
1657238400000,1237.78,1276.69,1231.13,1241.34,55289.82956857
1657267200000,1241.34,1244.69,1193.2,1235.91,82050.49726234
1657296000000,1235.9,1255.1,1211.2,1214.12,48730.10769715
1657324800000,1213.79,1227.24,1204.53,1224.86,24300.81244512
1657353600000,1224.87,1227.85,1205.16,1215.29,25088.26817633
1657382400000,1215.32,1235.0,1209.41,1216.78,26886.92644056
1657411200000,1216.79,1219.77,1180.46,1189.47,34382.02682013
1657440000000,1189.53,1194.2,1156.11,1163.04,42377.52984772
1657468800000,1163.49,1185.0,1152.16,1168.4,37646.51771943
1657497600000,1168.4,1171.64,1137.53,1143.26,47550.57157426
1657526400000,1143.4,1161.3,1128.6,1143.64,51014.14171275
1657555200000,1143.67,1156.69,1091.7,1096.12,56466.79371911
1657584000000,1096.1,1098.35,1062.86,1068.89,49943.95936335
1657612800000,1068.89,1083.56,1053.84,1075.97,64087.45677534
1657641600000,1076.03,1088.92,1033.33,1038.46,61754.85868417
1657670400000,1038.45,1072.35,1035.37,1069.34,42274.61843144
1657699200000,1069.35,1103.82,1006.4,1060.43,111702.81601892
1657728000000,1060.09,1120.0,1048.91,1115.67,69801.32377256
1657756800000,1115.18,1127.22,1093.22,1097.42,37519.77432519
1657785600000,1097.54,1147.84,1071.86,1140.56,73653.20592003
1657814400000,1140.84,1214.87,1132.97,1193.59,89499.3694923
1657843200000,1193.58,1223.0,1180.74,1211.5,53132.78483084
1657872000000,1211.51,1237.5,1203.23,1222.06,70429.197373
1657900800000,1221.66,1287.4,1203.12,1231.34,64350.19712233
1657929600000,1231.01,1234.99,1191.83,1197.42,25573.80239957
1657958400000,1197.42,1277.0,1193.37,1274.32,30377.62426043
1657987200000,1274.27,1422.64,1272.4,1356.25,99017.64115584
1658016000000,1355.91,1392.51,1328.43,1361.35,36058.92460701
1658044800000,1361.3,1375.71,1330.9,1351.77,32375.75762388
1658073600000,1351.77,1381.99,1318.29,1338.67,54593.56677228
1658102400000,1338.66,1475.4,1335.85,1466.87,78118.2092823
1658131200000,1466.86,1530.0,1455.0,1520.85,86587.98221915
1658160000000,1520.85,1597.8,1450.47,1580.56,88436.94841799
1658188800000,1580.91,1631.78,1492.62,1510.55,102735.56005074
1658217600000,1511.02,1577.29,1505.79,1540.09,72411.91471125
1658246400000,1540.1,1590.0,1525.71,1542.54,61366.81225488
1658275200000,1542.54,1579.0,1510.05,1531.19,53369.4486998
1658304000000,1531.19,1620.67,1526.51,1596.42,69357.21201433
1658332800000,1596.42,1597.56,1484.16,1521.27,57608.09815085
1658361600000,1521.27,1553.99,1463.5,1487.76,38725.36706567
1658390400000,1487.77,1519.3,1475.94,1511.35,38953.50529684
1658419200000,1510.72,1607.0,1509.14,1574.94,56048.42622367
1658448000000,1574.93,1613.89,1552.4,1601.11,28636.66092627
1658476800000,1601.6,1645.59,1569.41,1574.9,59531.30137431
1658505600000,1574.63,1591.99,1515.1,1535.59,39988.08193494
1658534400000,1535.6,1596.89,1523.8,1578.44,30056.90498623
1658563200000,1578.46,1588.47,1502.69,1523.55,37250.27196631
1658592000000,1523.55,1554.99,1487.18,1548.51,34246.38098685
1658620800000,1548.51,1619.63,1546.2,1604.72,36257.34401194
1658649600000,1604.47,1628.35,1573.15,1612.51,36545.94608714
1658678400000,1612.52,1665.0,1583.71,1597.97,41068.53580564
1658707200000,1597.6,1609.3,1499.61,1522.34,51703.11859582
1658736000000,1522.32,1553.74,1502.56,1526.03,32283.54880072
1658764800000,1526.08,1539.96,1435.44,1440.88,75407.333954
1658793600000,1441.02,1449.89,1400.0,1409.19,53754.42966204
1658822400000,1409.19,1423.83,1363.89,1368.59,49773.42407624
1658851200000,1368.6,1454.6,1354.56,1449.0,58195.68351226
1658880000000,1448.99,1472.6,1420.98,1464.64,34898.26413001
1658908800000,1464.37,1497.0,1445.24,1489.29,41521.79025145
1658937600000,1489.14,1644.3,1478.1,1635.95,113610.19746752
1658966400000,1635.78,1676.65,1605.17,1618.59,44587.84425906
1658995200000,1618.25,1754.39,1595.3,1728.36,80977.59390491
1659024000000,1727.75,1784.17,1712.54,1724.21,67860.51859059
1659052800000,1724.66,1752.5,1695.54,1715.6,36952.41221517
1659081600000,1715.6,1743.97,1656.41,1721.37,60829.48335344
1659110400000,1721.49,1765.0,1668.3,1721.45,49095.56191031
1659139200000,1721.44,1734.6,1686.0,1715.34,32083.81062553
1659168000000,1715.35,1744.19,1677.87,1736.68,36772.05655509
1659196800000,1736.95,1737.41,1672.84,1696.81,33184.98496432
1659225600000,1697.25,1713.88,1686.43,1697.71,17433.22915903
1659254400000,1697.72,1723.07,1683.61,1711.7,20953.75741449
1659283200000,1711.7,1753.89,1666.62,1678.1,41906.14749144
1659312000000,1678.11,1704.89,1666.63,1692.86,26396.17083871
1659340800000,1692.9,1695.19,1633.44,1672.57,39504.32699199
1659369600000,1672.62,1673.68,1606.06,1629.62,40010.55448398
1659398400000,1629.62,1656.69,1564.38,1593.4,42327.82508689
1659427200000,1592.83,1637.5,1558.98,1629.68,56706.86615192
1659456000000,1629.68,1678.2,1622.7,1630.35,49803.64767641
1659484800000,1630.8,1642.81,1590.0,1628.71,33154.11345552
1659513600000,1628.94,1686.12,1628.67,1656.15,42610.25992541
1659542400000,1655.72,1671.54,1607.48,1618.42,39201.21919858
1659571200000,1618.43,1663.08,1615.76,1625.44,33225.93365439
1659600000000,1625.85,1643.58,1597.0,1615.55,37478.88915779
1659628800000,1615.55,1624.0,1580.53,1607.46,31266.87416973
1659657600000,1607.71,1678.66,1605.36,1663.3,33822.56591293
1659686400000,1662.97,1725.46,1652.12,1670.01,67517.12622328
1659715200000,1670.01,1742.47,1656.62,1736.67,43336.35001766
1659744000000,1736.68,1752.73,1713.88,1720.58,28208.7128901
1659772800000,1720.92,1724.54,1703.2,1715.76,21460.56259892
1659801600000,1715.77,1723.82,1685.88,1690.86,31196.07049754
1659830400000,1690.86,1697.95,1668.56,1686.18,25908.10569503
1659859200000,1686.18,1715.38,1673.25,1699.13,22372.34189043
1659888000000,1699.13,1729.83,1690.25,1699.99,24385.5351133
1659916800000,1700.0,1740.0,1693.76,1732.72,27140.01235205
1659945600000,1732.72,1818.13,1728.04,1774.78,66615.16291543
1659974400000,1774.77,1799.0,1756.02,1777.33,38145.45137495
1660003200000,1777.17,1790.78,1761.1,1781.93,22785.37660944
1660032000000,1781.94,1783.01,1668.58,1684.65,64646.11533124
1660060800000,1684.66,1715.72,1674.53,1702.87,31090.95234047
1660089600000,1702.87,1702.87,1656.28,1686.3,36978.69594617
1660118400000,1686.31,1854.35,1684.5,1837.27,101506.05712012
1660147200000,1837.24,1885.54,1802.64,1853.18,55893.45645138
1660176000000,1853.18,1918.55,1850.06,1878.69,79048.55598399
1660204800000,1878.69,1941.58,1873.4,1890.01,70522.18559464
1660233600000,1890.44,1908.0,1867.3,1880.52,44781.73466972
1660262400000,1880.51,1913.6,1857.41,1888.54,34466.70529222
1660291200000,1888.54,1903.89,1853.36,1897.41,44065.85176638
1660320000000,1897.4,1964.15,1890.66,1958.3,41800.94378822
1660348800000,1958.08,2019.5,1946.12,1996.0,51396.54944101
1660377600000,1996.01,2008.18,1963.71,1988.33,25988.37647262
1660406400000,1988.33,2004.14,1967.6,1983.76,26351.51634065
1660435200000,1983.77,2031.3,1971.21,2016.82,25694.22211828
1660464000000,2016.82,2017.88,1970.61,1984.06,27398.69863156
1660492800000,1984.06,1984.69,1906.11,1935.32,41764.35776413
1660521600000,1935.32,2012.0,1885.33,1900.08,70956.86811865
1660550400000,1900.08,1921.88,1872.98,1917.86,45935.66187037
1660579200000,1917.8,1933.23,1876.0,1899.2,33514.76205944
1660608000000,1899.19,1914.7,1856.81,1877.03,24240.4758655
1660636800000,1877.04,1915.0,1864.62,1887.42,25211.5190831
1660665600000,1887.43,1897.7,1851.85,1876.78,20694.38142346
1660694400000,1876.35,1957.53,1874.6,1890.35,32368.87122518
1660723200000,1890.34,1902.4,1814.99,1831.18,48324.50425856
1660752000000,1831.46,1870.58,1824.01,1834.39,35221.34540898
1660780800000,1834.39,1865.32,1821.32,1844.69,23015.12523336
1660809600000,1844.7,1881.91,1834.41,1873.14,28941.76947092
1660838400000,1873.15,1879.69,1842.64,1846.66,22942.3409186
1660867200000,1846.39,1848.03,1720.0,1744.25,45875.93449137
1660896000000,1744.25,1744.75,1675.9,1698.15,53004.66643931
1660924800000,1698.15,1726.59,1603.51,1608.9,53951.33829056
1660953600000,1608.91,1657.29,1607.34,1648.27,36510.45932116
1660982400000,1647.91,1649.85,1617.0,1634.86,22230.9037139
1661011200000,1634.86,1639.78,1523.27,1575.9,54101.14539852
1661040000000,1575.9,1604.4,1562.52,1585.42,28307.51181425
1661068800000,1585.42,1640.79,1584.73,1621.34,32881.99086025
1661097600000,1621.34,1646.43,1580.41,1617.66,36140.90146078
1661126400000,1618.0,1621.98,1551.49,1556.76,35859.24147979
1661155200000,1556.98,1595.0,1529.35,1590.22,48691.41553113
1661184000000,1589.81,1629.05,1549.18,1624.92,30020.94757437
1661212800000,1624.93,1638.8,1563.9,1602.79,29162.34366366
1661241600000,1602.7,1654.0,1588.27,1640.55,34613.99939008
1661270400000,1640.58,1675.95,1625.22,1665.41,26130.57475083
1661299200000,1665.68,1666.51,1605.91,1626.87,32801.5708329
1661328000000,1626.88,1687.84,1626.06,1683.73,25476.37951767
1661356800000,1683.73,1694.4,1651.62,1656.44,24211.37519893
1661385600000,1656.44,1712.89,1654.01,1708.88,23670.81708965
1661414400000,1708.88,1722.0,1688.9,1701.2,31420.62519242
1661443200000,1701.2,1713.12,1683.57,1695.09,30515.39027953
1661472000000,1695.44,1695.44,1641.6,1660.42,21789.00234481
1661500800000,1660.41,1705.6,1585.02,1593.53,71330.0117815
1661529600000,1593.72,1599.4,1486.7,1508.13,44744.64355221
1661558400000,1508.13,1518.39,1469.65,1507.92,28448.54697754
1661587200000,1508.13,1511.63,1455.14,1469.85,27651.63372374
1661616000000,1469.85,1498.92,1446.51,1491.16,35898.63176762
1661644800000,1491.16,1511.09,1477.1,1496.99,15210.20755505
1661673600000,1496.99,1503.99,1459.81,1486.85,20310.13493588
1661702400000,1486.86,1496.9,1424.2,1427.07,29040.6902707
1661731200000,1426.37,1462.64,1422.3,1454.79,30102.88266582
1661760000000,1454.8,1530.4,1442.24,1521.58,51838.78262714
1661788800000,1521.95,1560.0,1520.01,1551.9,34762.19860438
1661817600000,1551.63,1602.18,1523.97,1587.52,32085.91096895
1661846400000,1587.06,1605.98,1509.26,1525.02,47038.83572164
1661875200000,1525.02,1568.97,1473.71,1524.26,57982.24332774
1661904000000,1524.26,1619.64,1524.2,1584.86,34220.43032874
1661932800000,1584.85,1609.82,1536.16,1560.55,39718.27573086
1661961600000,1560.81,1589.0,1528.01,1553.92,26791.03243945
1661990400000,1553.92,1574.12,1531.13,1544.23,19506.42192889
1662019200000,1544.6,1586.0,1512.45,1535.86,38438.70191156
1662048000000,1536.17,1599.3,1523.79,1585.97,22914.77030756
1662076800000,1586.1,1611.09,1567.84,1594.28,14804.20120466
1662105600000,1594.25,1648.8,1582.5,1636.28,34871.73460632
1662134400000,1636.29,1639.27,1546.51,1575.17,40069.14494744
1662163200000,1575.25,1582.49,1534.06,1544.02,13360.69946611
1662192000000,1544.21,1565.88,1540.01,1548.3,16217.76027788
1662220800000,1548.3,1563.3,1535.73,1557.49,11514.87491257
1662249600000,1557.5,1561.48,1543.37,1545.45,7212.53152993
1662278400000,1545.45,1583.31,1540.38,1560.56,17126.22373303
1662307200000,1560.55,1582.19,1555.66,1578.81,13337.11589901
1662336000000,1578.8,1592.98,1556.36,1562.45,13446.96897108
1662364800000,1562.61,1605.99,1557.39,1600.6,15607.50816653
1662393600000,1600.6,1631.19,1576.41,1617.38,23358.7715989
1662422400000,1617.4,1678.06,1615.09,1658.4,37251.92957883
1662451200000,1658.78,1687.4,1635.63,1669.82,34813.5774094
1662480000000,1670.06,1674.7,1554.49,1559.28,54669.91808288
1662508800000,1559.27,1568.13,1490.9,1518.62,35795.36234463
1662537600000,1518.2,1550.94,1500.0,1544.02,27642.21992248
1662566400000,1544.03,1657.63,1536.25,1630.02,58150.45045198
1662595200000,1630.12,1647.59,1595.42,1613.53,26213.02523731
1662624000000,1613.42,1654.91,1598.21,1629.28,41080.14370823
1662652800000,1629.29,1663.02,1608.37,1635.4,25998.96627113
1662681600000,1635.4,1719.6,1630.75,1704.92,35828.33276808
1662710400000,1704.92,1748.55,1684.73,1719.5,45419.77088794
1662739200000,1719.69,1733.82,1696.22,1718.13,25554.01300471
1662768000000,1718.5,1745.59,1706.32,1711.0,18792.55848407
1662796800000,1711.36,1734.07,1709.51,1715.89,10870.57538009
1662825600000,1715.89,1789.0,1709.4,1774.11,27093.27449596
1662854400000,1774.11,1779.05,1743.81,1761.83,14617.69234823
1662883200000,1761.83,1780.5,1753.9,1768.63,14159.88080053
1662912000000,1768.88,1790.0,1721.4,1766.2,23886.76143047
1662940800000,1766.07,1783.33,1712.0,1758.7,27634.28500518
1662969600000,1758.7,1766.0,1696.0,1706.47,25269.57079462
1662998400000,1706.47,1733.06,1693.29,1716.4,24812.74780612
1663027200000,1716.41,1731.37,1674.93,1715.77,26979.57902696
1663056000000,1716.02,1760.0,1575.48,1593.95,75795.43777501
1663084800000,1593.86,1631.66,1561.28,1574.21,42392.56987839
1663113600000,1574.21,1623.61,1552.2,1611.88,26975.40943477
1663142400000,1611.87,1613.39,1583.22,1595.26,25418.37056255
1663171200000,1595.48,1646.87,1559.0,1638.1,29298.42208304
1663200000000,1637.75,1654.67,1570.7,1639.38,53565.0206943
1663228800000,1639.19,1639.19,1457.68,1492.92,47231.08293351
1663257600000,1492.92,1518.79,1458.8,1472.73,34172.74417534
1663286400000,1473.13,1483.2,1445.38,1471.46,26376.65859221
1663315200000,1471.46,1482.29,1423.02,1452.36,48140.99970832
1663344000000,1452.35,1452.35,1404.97,1434.13,40868.58491414
1663372800000,1433.9,1456.58,1425.0,1432.36,17113.62130594
1663401600000,1432.37,1450.49,1409.54,1444.07,21381.99750986
1663430400000,1444.07,1476.12,1442.17,1468.59,22223.26235133
1663459200000,1468.59,1469.71,1445.07,1453.63,10412.11330191
1663488000000,1453.72,1459.2,1410.0,1417.47,24749.94761159
1663516800000,1417.46,1424.59,1325.39,1334.6,57614.86887878
1663545600000,1334.6,1354.38,1280.11,1302.18,44178.22241294
1663574400000,1302.21,1372.0,1289.37,1341.51,44324.08661786
1663603200000,1341.55,1392.89,1321.8,1376.05,40973.62019109
1663632000000,1376.04,1385.19,1342.2,1355.96,22831.62700943
1663660800000,1358.58,1381.39,1329.55,1377.18,28830.21062303
1663689600000,1377.19,1384.95,1312.82,1323.27,31753.01708472
1663718400000,1323.01,1345.32,1316.0,1332.21,16355.23769235
1663747200000,1331.9,1360.79,1323.11,1343.0,20900.93969736
1663776000000,1343.0,1409.77,1218.59,1245.86,123599.75163242
1663804800000,1245.84,1281.98,1237.21,1279.09,35062.46127974
1663833600000,1278.81,1313.65,1256.3,1271.26,45445.45417626
1663862400000,1271.39,1348.61,1252.26,1326.37,43841.94450493
1663891200000,1326.38,1359.5,1314.41,1331.83,21907.33018221
1663920000000,1331.84,1335.49,1262.0,1294.2,52460.32832707
1663948800000,1294.0,1341.13,1274.77,1326.91,41673.04867563
1663977600000,1327.11,1337.9,1311.4,1322.41,51222.14542754
1664006400000,1322.42,1349.29,1317.09,1340.04,49428.0738202
1664035200000,1340.03,1348.3,1306.45,1317.01,43905.29562431
1664064000000,1317.02,1336.89,1314.38,1332.92,39094.07819086
1664092800000,1332.77,1334.41,1298.56,1310.71,54709.02054435
1664121600000,1310.72,1321.01,1270.0,1294.82,54563.22145595
1664150400000,1294.59,1314.64,1278.21,1295.45,203389.5010429
1664179200000,1295.46,1338.39,1289.39,1325.1,322771.78918869
1664208000000,1324.92,1340.26,1311.13,1336.05,230462.81887316
1664236800000,1336.05,1394.3,1332.11,1382.17,242212.01261841
1664265600000,1382.17,1400.27,1364.48,1364.91,415272.1956986
1664294400000,1365.25,1367.63,1303.79,1328.02,527572.54113507
1664323200000,1328.07,1340.69,1266.41,1285.46,421260.92307069
1664352000000,1285.44,1333.07,1252.4,1332.19,631181.74907202
1664380800000,1332.2,1355.74,1311.01,1337.08,141738.9051017
1664409600000,1337.0,1352.13,1313.71,1321.96,36778.4698956
1664438400000,1321.97,1345.57,1288.38,1327.16,52241.40893311
1664467200000,1327.01,1348.31,1314.4,1335.56,37007.0572298
1664496000000,1335.57,1352.53,1319.85,1339.89,28245.0456767
1664524800000,1340.11,1373.22,1314.32,1351.18,60583.68489241
1664553600000,1351.19,1361.66,1316.6,1328.56,35629.83353123
1664582400000,1328.57,1333.62,1323.56,1329.1,11977.0644464
1664611200000,1329.1,1333.06,1317.35,1322.62,12530.6023706
1664640000000,1322.62,1324.08,1302.54,1311.69,24133.34325558
1664668800000,1311.84,1317.71,1305.36,1311.06,14987.1717897
1664697600000,1311.07,1312.85,1285.61,1293.62,26700.74471498
1664726400000,1293.62,1314.47,1269.24,1276.65,40368.41317912
1664755200000,1276.65,1301.94,1262.8,1292.04,40832.4727524
1664784000000,1292.05,1327.99,1286.24,1318.75,58900.113602
1664812800000,1318.75,1329.75,1309.16,1323.17,34390.84566243
1664841600000,1323.17,1350.39,1318.78,1350.22,29022.562897
1664870400000,1350.22,1365.24,1342.3,1354.06,41319.13195128
1664899200000,1354.06,1369.99,1337.91,1361.48,32886.03978056
1664928000000,1361.48,1363.53,1348.74,1353.13,19663.4865471
1664956800000,1353.14,1353.71,1316.41,1330.31,40661.8239361
1664985600000,1330.36,1364.83,1327.56,1352.45,36480.19048904
1665014400000,1352.45,1383.69,1351.6,1368.46,38365.57244751
1665043200000,1368.22,1380.29,1348.9,1361.25,49716.3138798
1665072000000,1361.38,1373.0,1345.0,1352.21,33804.4474928
1665100800000,1352.08,1361.79,1345.81,1356.01,15649.0706657
1665129600000,1356.0,1360.74,1324.01,1334.02,41080.59744566
1665158400000,1334.17,1337.16,1316.83,1331.1,23563.31234003
1665187200000,1331.1,1337.18,1326.13,1330.37,12723.7463752
1665216000000,1330.37,1330.63,1318.6,1324.47,10606.7988649
1665244800000,1324.29,1330.15,1303.68,1315.39,17379.88361376
1665273600000,1315.39,1317.8,1306.72,1315.01,9614.6408896
1665302400000,1315.01,1328.99,1313.65,1326.54,13243.6262406
1665331200000,1326.43,1327.49,1309.51,1323.17,16644.88701268
1665360000000,1323.17,1338.09,1312.33,1316.71,18712.45223369
1665388800000,1316.7,1319.59,1296.46,1308.3,36137.66169934
1665417600000,1308.37,1315.1,1288.0,1290.22,31446.07576675
1665446400000,1290.22,1290.22,1267.01,1284.22,27486.63862626
1665475200000,1284.11,1297.41,1269.0,1293.67,34644.07605235
1665504000000,1293.68,1297.8,1274.0,1280.32,24075.46411167
1665532800000,1280.31,1301.49,1275.18,1293.86,17174.7089257
1665561600000,1293.86,1306.48,1284.0,1299.12,183179.7780475
1665590400000,1299.13,1303.19,1287.72,1294.23,184704.1345074
1665619200000,1294.16,1299.29,1271.63,1277.26,227952.16314173
1665648000000,1277.25,1280.85,1189.4,1257.07,381926.49548409
1665676800000,1256.86,1301.46,1251.04,1286.97,263677.87449982
1665705600000,1286.81,1342.01,1283.27,1321.48,199631.93557045
1665734400000,1321.45,1343.24,1305.58,1310.08,216017.43210633
1665763200000,1310.05,1313.3,1288.5,1296.31,143208.78020059
1665792000000,1296.19,1301.89,1290.34,1295.19,74869.1203967
1665820800000,1295.17,1295.44,1276.74,1286.22,93311.8821657
1665849600000,1286.01,1290.15,1263.61,1274.76,79734.8548542
1665878400000,1274.74,1289.2,1274.37,1283.21,64538.6256434
1665907200000,1283.35,1290.68,1279.0,1286.42,62811.48724348
1665936000000,1286.42,1315.71,1281.41,1305.61,110390.04765704
1665964800000,1305.77,1314.8,1295.35,1312.24,109490.9014063
1665993600000,1312.23,1337.9,1307.31,1328.79,128822.36058019
1666022400000,1329.03,1338.79,1314.71,1331.24,93142.93988049
1666051200000,1331.24,1342.04,1327.25,1336.86,85940.61280471
1666080000000,1336.76,1337.7,1298.48,1307.85,112776.63275294
1666108800000,1307.57,1320.4,1286.56,1310.8,107973.028911
1666137600000,1310.67,1313.65,1292.25,1299.89,62067.0921791
1666166400000,1299.7,1308.6,1289.52,1304.72,79629.53621371
1666195200000,1304.73,1305.8,1280.0,1285.26,64399.97230035
1666224000000,1285.14,1296.25,1270.3,1292.4,107428.73864836
1666252800000,1292.41,1311.0,1289.21,1299.64,104877.68133381
1666281600000,1299.71,1299.93,1271.23,1282.72,97214.17947373
1666310400000,1282.73,1292.5,1278.7,1284.7,50766.4062832
1666339200000,1284.8,1297.81,1253.0,1297.48,103674.59895083
1666368000000,1297.54,1307.35,1294.63,1299.64,52562.59052048
1666396800000,1299.77,1304.76,1294.12,1299.55,22571.56117944
1666425600000,1299.55,1318.98,1299.3,1316.17,34603.50700896
1666454400000,1316.16,1320.0,1306.24,1313.61,28040.77772172
1666483200000,1313.7,1314.91,1306.61,1309.57,24684.1158976
1666512000000,1309.57,1316.59,1299.22,1313.63,36034.5754091
1666540800000,1313.73,1371.0,1310.55,1364.04,84914.5672084
1666569600000,1363.75,1370.78,1332.66,1336.71,64819.18670568
1666598400000,1336.93,1354.6,1324.0,1341.71,68639.1468732
1666627200000,1341.7,1359.3,1330.61,1343.53,46838.93159073
1666656000000,1343.7,1352.09,1334.76,1347.07,39520.1911841
1666684800000,1347.11,1418.5,1339.14,1408.51,79252.17694108
1666713600000,1408.13,1524.38,1404.5,1459.57,170800.88584241
1666742400000,1459.57,1522.82,1457.04,1515.49,89783.96883959
1666771200000,1515.43,1596.47,1508.55,1567.53,160229.68815851
1666800000000,1567.52,1586.0,1540.83,1566.18,113350.22202593
1666828800000,1565.89,1577.87,1533.0,1556.6,78455.25405468
1666857600000,1556.64,1578.69,1533.51,1544.2,148799.17685982
1666886400000,1544.4,1566.24,1501.76,1514.15,101014.49988227
1666915200000,1514.37,1525.49,1488.0,1493.74,69588.61820874
1666944000000,1493.94,1550.0,1480.07,1538.14,117611.67546638
1666972800000,1538.21,1575.0,1533.27,1554.5,68253.88215401
1667001600000,1554.54,1604.1,1547.32,1594.69,50678.76678413
1667030400000,1594.59,1653.71,1590.31,1632.44,92565.68753141
1667059200000,1632.6,1663.71,1603.52,1619.66,68096.692178
1667088000000,1619.91,1640.16,1605.6,1628.73,35898.8376787
1667116800000,1628.72,1630.23,1579.2,1587.0,57971.06224429
1667145600000,1587.17,1598.78,1576.0,1590.6,43586.87726486
1667174400000,1590.6,1597.0,1561.83,1591.1,46068.07772835
1667203200000,1591.34,1636.0,1546.25,1569.59,100266.61361499
1667232000000,1569.29,1584.13,1550.14,1572.76,67840.09846127
1667260800000,1572.82,1605.0,1568.59,1590.97,65744.38679801
1667289600000,1590.96,1613.43,1563.22,1574.42,73390.09560581
1667318400000,1574.42,1586.89,1568.2,1578.54,53917.3942421
1667347200000,1578.58,1600.7,1554.17,1564.69,72785.85199558
1667376000000,1564.69,1578.94,1536.68,1558.6,67815.80471086
1667404800000,1558.6,1621.08,1502.05,1518.54,138709.73611156
1667433600000,1518.54,1559.0,1515.22,1544.2,19788.13187459
1667462400000,1544.21,1557.0,1522.24,1542.58,24164.0489491
1667491200000,1542.59,1549.09,1524.62,1530.99,17065.81457888
1667520000000,1530.99,1587.91,1528.35,1587.45,19552.6135101
1667548800000,1587.46,1678.3,1555.0,1625.01,56872.51321607
1667577600000,1625.01,1653.89,1607.93,1644.92,29704.03935812
1667606400000,1644.71,1666.9,1635.4,1651.5,14206.80063175
1667635200000,1651.49,1651.84,1623.55,1635.9,13471.92650116
1667664000000,1635.9,1643.0,1620.76,1627.14,10004.5399355
1667692800000,1627.14,1633.7,1612.49,1622.63,10471.6874884
1667721600000,1622.63,1639.13,1608.33,1623.95,11180.6064679
1667750400000,1623.59,1626.11,1562.88,1568.19,25357.34088928
1667779200000,1568.19,1595.39,1546.4,1550.09,23566.43486987
1667808000000,1550.1,1593.29,1546.35,1592.24,23640.6411157
1667836800000,1592.24,1608.48,1548.0,1568.01,27229.68831664
1667865600000,1568.03,1576.76,1431.0,1492.29,46399.51675535
1667894400000,1492.29,1494.59,1423.11,1462.1,33433.4390201
1667923200000,1462.04,1579.0,1225.0,1334.41,149610.31172201
1667952000000,1334.5,1337.19,1266.11,1274.11,36963.49202981
1667980800000,1274.37,1276.55,1137.1,1163.24,95256.77674771
1668009600000,1163.23,1205.27,1073.42,1102.95,69971.59853807
1668038400000,1102.95,1205.29,1086.61,1190.47,39766.41841272
1668067200000,1190.45,1347.76,1175.86,1321.88,46675.36757828
1668096000000,1321.93,1350.0,1248.8,1299.66,31934.22122742
1668124800000,1299.67,1309.0,1221.75,1278.43,22700.80862952
1668153600000,1278.44,1309.01,1201.0,1260.36,28249.7990334
1668182400000,1260.21,1295.0,1233.97,1288.74,18207.66829164
1668211200000,1288.96,1291.89,1239.03,1266.47,10677.73509474
1668240000000,1266.34,1284.0,1249.69,1274.96,9832.1788889
1668268800000,1274.98,1278.92,1247.75,1257.12,6988.8755561
1668297600000,1257.03,1274.23,1232.1,1251.08,7865.7226405
1668326400000,1251.08,1253.14,1215.11,1231.64,11417.64602296
1668355200000,1231.53,1238.8,1201.35,1221.86,14376.41715698
1668384000000,1221.83,1261.58,1171.53,1259.83,20288.30210894
1668412800000,1259.73,1290.86,1235.79,1245.59,15498.4037817
1668441600000,1245.71,1250.0,1210.1,1242.9,17391.12662269
1668470400000,1242.91,1273.04,1236.45,1266.51,11472.55611191
1668499200000,1266.51,1290.0,1255.01,1264.4,18035.1259611
1668528000000,1264.39,1274.33,1232.99,1253.22,29835.04918326
1668556800000,1253.3,1268.69,1243.31,1245.69,17697.8804445
1668585600000,1245.45,1254.39,1187.53,1192.66,33869.79314888
1668614400000,1192.64,1222.79,1187.25,1216.23,20995.2467287
1668643200000,1216.41,1228.13,1193.24,1204.45,16913.3020257
1668672000000,1204.52,1217.16,1182.7,1192.61,21845.8617916
1668700800000,1192.61,1217.14,1189.0,1200.37,24833.4750383
1668729600000,1200.47,1234.27,1199.24,1214.46,11843.7991
1668758400000,1214.43,1226.75,1205.0,1211.05,12079.24864905
1668787200000,1211.06,1215.0,1200.87,1212.71,12366.0380037
1668816000000,1212.72,1213.46,1197.33,1206.78,9944.5393673
1668844800000,1206.73,1212.25,1204.03,1209.58,7199.1640573
1668873600000,1209.58,1232.73,1207.2,1217.66,14041.08652593
1668902400000,1217.59,1226.58,1215.52,1220.14,7024.660744
1668931200000,1220.14,1220.55,1153.74,1177.32,27769.95154854
1668960000000,1177.33,1189.91,1133.23,1142.48,22138.30991733
1668988800000,1142.48,1144.18,1111.0,1123.33,29354.7574377
1669017600000,1123.35,1146.51,1106.11,1130.56,30296.15197276
1669046400000,1130.57,1133.0,1080.0,1107.35,47954.84823213
1669075200000,1107.47,1117.27,1080.43,1093.46,25936.00771317
1669104000000,1093.5,1142.1,1075.0,1135.27,47002.1796329
1669132800000,1135.27,1142.73,1113.66,1139.19,36444.17950655
1669161600000,1139.5,1171.29,1127.8,1166.64,28738.8536892
1669190400000,1166.62,1181.0,1154.0,1161.0,22415.3651834
1669219200000,1161.05,1190.82,1149.99,1184.78,33135.86986292
1669248000000,1184.53,1217.44,1180.29,1206.77,29530.9574313
1669276800000,1206.6,1208.15,1186.2,1195.08,22936.11481002
1669305600000,1195.08,1208.34,1192.71,1203.98,17079.4232799
1669334400000,1203.81,1204.72,1171.45,1185.33,22524.7380398
1669363200000,1185.08,1199.99,1175.94,1189.87,21224.39036397
1669392000000,1189.86,1207.0,1183.02,1198.99,15051.43229959
1669420800000,1199.0,1228.49,1196.68,1219.22,19596.66055606
1669449600000,1219.13,1234.96,1206.1,1211.09,18227.7942777
1669478400000,1211.09,1215.28,1196.02,1205.18,11846.91464799
1669507200000,1205.55,1223.07,1204.46,1217.1,9593.6856346
1669536000000,1217.11,1221.11,1207.91,1218.11,12975.6398426
1669564800000,1218.17,1220.7,1188.16,1193.7,13665.35492472
1669593600000,1193.77,1199.05,1158.51,1174.18,28470.17344918
1669622400000,1174.14,1181.88,1155.0,1163.47,23455.2677557
1669651200000,1163.47,1184.11,1150.91,1167.67,18070.18721123
1669680000000,1167.68,1214.69,1158.55,1206.93,25438.85817419
1669708800000,1206.96,1222.97,1202.12,1208.59,25625.8673103
1669737600000,1208.59,1228.0,1203.01,1216.42,14858.51012098
1669766400000,1216.43,1282.38,1212.9,1272.64,29791.77645473
1669795200000,1272.64,1276.7,1256.31,1267.38,15648.1444911
1669824000000,1267.39,1309.99,1257.71,1294.6,34990.43320149
1669852800000,1294.38,1296.01,1275.7,1278.76,15366.7434065
1669881600000,1278.61,1300.0,1262.96,1271.4,18915.01832516
1669910400000,1271.41,1282.44,1265.8,1276.3,10045.918544
1669939200000,1276.3,1284.4,1265.37,1275.73,10682.5967762
1669968000000,1275.74,1297.28,1268.35,1278.81,21342.18167971
1669996800000,1278.8,1296.59,1274.12,1295.72,10706.6653314
1670025600000,1295.51,1306.0,1273.22,1276.04,12636.67807458
1670054400000,1276.04,1276.99,1261.2,1271.07,10503.66171809
1670083200000,1271.08,1271.66,1237.0,1240.68,13645.33129423
1670112000000,1240.69,1267.19,1240.3,1256.81,5856.76821955
1670140800000,1256.81,1263.53,1250.0,1259.72,6884.711224
1670169600000,1259.73,1286.03,1256.68,1279.35,15925.55721778
1670198400000,1279.34,1304.65,1276.63,1297.24,18892.4713336
1670227200000,1297.25,1305.48,1257.05,1266.27,22505.4811497
1670256000000,1266.27,1270.19,1246.91,1259.46,17120.7122075
1670284800000,1259.46,1270.0,1254.47,1260.39,11241.6331534
1670313600000,1260.39,1265.04,1243.0,1254.45,15313.9704324
1670342400000,1254.65,1274.56,1242.44,1271.16,14174.9664796
1670371200000,1271.17,1277.36,1220.05,1224.36,17508.2529805
1670400000000,1224.67,1241.76,1219.26,1233.92,9062.94395609
1670428800000,1233.93,1237.77,1223.0,1231.16,6134.1198992
1670457600000,1231.32,1239.29,1222.2,1232.49,6282.91532679
1670486400000,1232.5,1253.38,1228.11,1249.85,12456.807353
1670515200000,1249.86,1292.12,1248.75,1279.97,16234.33967433
1670544000000,1279.97,1290.0,1273.0,1282.41,5735.09038198
1670572800000,1282.41,1296.64,1261.92,1277.45,13456.7719388
1670601600000,1277.45,1278.19,1255.7,1263.0,9245.43337002
1670630400000,1262.96,1268.67,1261.73,1264.73,3507.5201625
1670659200000,1264.74,1279.09,1259.8,1278.33,5942.5143996
1670688000000,1278.34,1283.48,1261.92,1266.46,5728.8270537
1670716800000,1266.47,1277.96,1265.34,1276.35,3567.31019644
1670745600000,1276.35,1277.0,1268.98,1273.46,2903.0253545
1670774400000,1273.46,1285.0,1256.04,1263.14,7399.8874129
1670803200000,1263.14,1263.14,1240.83,1246.41,10273.20926503
1670832000000,1246.49,1257.19,1242.03,1249.0,9206.6631539
1670860800000,1249.19,1278.69,1248.82,1275.37,10616.59819763
1670889600000,1275.38,1278.05,1255.6,1266.49,9160.7593891
1670918400000,1266.49,1346.46,1263.93,1323.67,31048.45983789
1670947200000,1323.89,1328.72,1304.79,1320.95,12166.45832422
1670976000000,1320.9,1326.81,1316.01,1322.71,7228.5717721
1671004800000,1322.71,1344.37,1319.32,1337.94,13450.4413644
1671033600000,1338.14,1353.0,1301.12,1307.35,28714.61095257
1671062400000,1307.53,1311.07,1281.56,1287.09,9922.90112195
1671091200000,1287.1,1291.23,1263.54,1270.2,11174.99122659
1671120000000,1270.2,1275.9,1258.6,1266.51,9333.5126267
1671148800000,1266.61,1279.87,1265.73,1277.93,7695.3407345
1671177600000,1277.9,1279.7,1194.05,1203.8,24167.54876494
1671206400000,1203.8,1212.16,1155.62,1166.77,21282.29473645
1671235200000,1167.0,1185.34,1162.13,1183.74,8340.7771186
1671264000000,1183.74,1188.45,1174.16,1180.17,7873.6652326
1671292800000,1180.17,1190.21,1171.0,1187.14,7081.9697642
1671321600000,1187.14,1197.0,1180.18,1186.75,6294.253807
1671350400000,1186.74,1188.35,1172.3,1174.46,7673.03794348
1671379200000,1174.24,1194.0,1174.07,1182.94,8548.01294425
1671408000000,1182.94,1195.17,1174.02,1180.24,7620.9627157
1671436800000,1179.85,1188.99,1177.44,1179.68,7880.1737608
1671465600000,1179.69,1182.45,1150.01,1167.69,14153.61390253
1671494400000,1167.89,1215.0,1163.1,1208.37,13671.6883573
1671523200000,1208.36,1230.0,1204.38,1217.22,11874.2489105
1671552000000,1217.21,1220.85,1205.2,1217.36,6522.732829
1671580800000,1217.18,1218.97,1202.87,1211.02,3660.19793612
1671609600000,1211.02,1222.22,1206.27,1215.4,5711.138802
1671638400000,1215.4,1215.72,1206.87,1213.59,3909.21733836
1671667200000,1213.59,1217.8,1209.72,1213.57,2954.1343964
1671696000000,1213.57,1220.87,1184.99,1187.02,11809.70918831
1671724800000,1187.02,1237.0,1183.34,1217.7,15530.72671443
1671753600000,1217.69,1228.81,1214.69,1221.81,3269.981538
1671782400000,1222.0,1230.72,1212.0,1218.78,9636.0233256
1671811200000,1218.78,1222.15,1215.83,1219.8,3382.6918623
1671840000000,1219.81,1221.33,1214.45,1220.2,1982.5599737
1671868800000,1220.2,1220.72,1216.58,1219.06,1334.9882008
1671897600000,1219.01,1227.47,1217.7,1220.46,3440.7659549
1671926400000,1220.46,1223.68,1216.0,1219.95,5493.3841705
1671955200000,1219.95,1222.0,1195.0,1211.05,7549.11520019
1671984000000,1211.05,1223.44,1196.1,1218.58,7966.0817288
1672012800000,1218.58,1223.79,1216.7,1220.77,3231.4625836
1672041600000,1220.78,1223.22,1212.0,1215.38,4032.5027394
1672070400000,1215.38,1230.94,1212.38,1228.05,5642.9769263
1672099200000,1228.32,1234.3,1220.53,1222.26,5107.72762158
1672128000000,1222.27,1223.2,1206.38,1211.33,14091.37499716
1672156800000,1211.33,1214.37,1200.0,1211.53,6851.228172
1672185600000,1211.53,1215.43,1186.72,1194.69,8989.71070104
1672214400000,1194.68,1208.35,1186.96,1189.38,8703.7274762
1672243200000,1189.25,1201.43,1178.7,1190.02,12807.7511969
1672272000000,1190.08,1198.0,1186.85,1194.9,4939.6508473
1672300800000,1194.91,1206.02,1190.31,1201.09,9989.7029403
1672329600000,1201.09,1204.29,1191.49,1200.75,6489.9205653
1672358400000,1200.69,1202.22,1184.65,1188.38,6303.4265683
1672387200000,1188.39,1198.33,1181.58,1195.0,6998.99518362
1672416000000,1195.0,1201.25,1192.7,1199.92,5966.2532585
1672444800000,1199.92,1200.28,1192.1,1197.13,3580.4399118
1672473600000,1197.14,1208.33,1195.52,1203.15,4310.3374096
1672502400000,1203.04,1205.55,1193.2,1196.21,4213.0606459
1672531200000,1196.21,1196.76,1191.2,1195.31,3678.23419068
