,timestamp,close,signal
0,2022-01-01 00:00:00,0.0787365138019001,
1,2022-01-01 08:00:00,0.0788963720693817,
2,2022-01-01 16:00:00,0.0789007010471708,
3,2022-01-02 00:00:00,0.0794388126005413,
4,2022-01-02 08:00:00,0.0798253933718766,
5,2022-01-02 16:00:00,0.0809628730562169,
6,2022-01-03 00:00:00,0.0809603155711225,
7,2022-01-03 08:00:00,0.0810454954376044,
8,2022-01-03 16:00:00,0.0810694307479641,
9,2022-01-04 00:00:00,0.0808534177742737,
10,2022-01-04 08:00:00,0.0820309752713586,
11,2022-01-04 16:00:00,0.082585473348897,
12,2022-01-05 00:00:00,0.0822430692045101,
13,2022-01-05 08:00:00,0.0819743805925801,
14,2022-01-05 16:00:00,0.0814599786454593,
15,2022-01-06 00:00:00,0.0798619911385731,
16,2022-01-06 08:00:00,0.0790866397666074,
17,2022-01-06 16:00:00,0.0790649420578794,
18,2022-01-07 00:00:00,0.0767664463903781,
19,2022-01-07 08:00:00,0.0758121939826367,-1.0972076835093667
20,2022-01-07 16:00:00,0.0769432694760041,-1.2924611506670258
21,2022-01-08 00:00:00,0.07672714693006,-1.3931535988767982
22,2022-01-08 08:00:00,0.0759508910548474,-1.4983779698055821
23,2022-01-08 16:00:00,0.0739206583414306,-1.4041302489799867
24,2022-01-09 00:00:00,0.0748419876174772,-1.283257271533059
25,2022-01-09 08:00:00,0.0744425678516429,-1.2714091215851453
26,2022-01-09 16:00:00,0.0752567004794926,-1.2469622482758145
27,2022-01-10 00:00:00,0.0752290501198767,-1.1850175712876823
28,2022-01-10 08:00:00,0.0733325524989141,-1.0533129300838162
29,2022-01-10 16:00:00,0.073720534815371,-0.993927865032187
30,2022-01-11 00:00:00,0.0741235926305015,-0.9170383939319895
31,2022-01-11 08:00:00,0.0750861370813546,-0.876790050259477
32,2022-01-11 16:00:00,0.0758207635031099,-0.8078283258360872
33,2022-01-12 00:00:00,0.0755852355740546,-0.5858023932805025
34,2022-01-12 08:00:00,0.0771564340070934,-0.20940575064941647
35,2022-01-12 16:00:00,0.0767845635734762,0.19110814951844532
36,2022-01-13 00:00:00,0.07641756763558,0.5028715597028753
37,2022-01-13 08:00:00,0.0764049729294313,0.818943423740441
38,2022-01-13 16:00:00,0.0761346124934225,0.9631482150915158
39,2022-01-14 00:00:00,0.0766371179315729,0.8160322051602732
40,2022-01-14 08:00:00,0.0760752295238294,0.7575697821084582
41,2022-01-14 16:00:00,0.0768139632621501,0.8204355445100756
42,2022-01-15 00:00:00,0.0769267717668243,0.8388617083602479
43,2022-01-15 08:00:00,0.0774754123287387,0.9070338221165078
44,2022-01-15 16:00:00,0.0772075962297441,0.8838464654713653
45,2022-01-16 00:00:00,0.0771351201222052,0.9581295977705542
46,2022-01-16 08:00:00,0.0775589795309395,0.9558456904698758
47,2022-01-16 16:00:00,0.0777125132915124,0.9560669807063027
48,2022-01-17 00:00:00,0.0766916764361078,0.8254696284231321
49,2022-01-17 08:00:00,0.0761962161805836,0.6393999753657965
50,2022-01-17 16:00:00,0.0760683092350635,0.3643571858407035
51,2022-01-18 00:00:00,0.0757885201546369,-0.22175400982921897
52,2022-01-18 08:00:00,0.0749285831081016,-0.9162286266326705
53,2022-01-18 16:00:00,0.0746224249808733,-1.2588214714027453
54,2022-01-19 00:00:00,0.0741674821482206,-1.3387713422908933
55,2022-01-19 08:00:00,0.0743917340135908,-1.425610539412102
56,2022-01-19 16:00:00,0.074035424566793,-1.4878749812633203
57,2022-01-20 00:00:00,0.0746068655282766,-1.407357837086709
58,2022-01-20 08:00:00,0.0753080146165466,-1.2472918353445677
59,2022-01-20 16:00:00,0.0737587868062724,-1.1137366920289589
60,2022-01-21 00:00:00,0.0736559139784946,-1.0611243230598522
61,2022-01-21 08:00:00,0.0728596390549446,-1.003736008498163
62,2022-01-21 16:00:00,0.0704300382115984,-1.0905834366019878
63,2022-01-22 00:00:00,0.069574992726831,-1.2805743403080965
64,2022-01-22 08:00:00,0.0685081588426929,-1.3500474010258054
65,2022-01-22 16:00:00,0.0687753641167797,-1.4520900865558322
66,2022-01-23 00:00:00,0.0699308600337268,-1.5233458181325783
67,2022-01-23 08:00:00,0.0689435308586698,-1.4667772705609974
68,2022-01-23 16:00:00,0.0700531809254805,-1.3342115408914843
69,2022-01-24 00:00:00,0.0683849664060171,-1.1753545994670431
70,2022-01-24 08:00:00,0.0664660652519398,-1.1016584727895051
71,2022-01-24 16:00:00,0.066539969570884,-1.1394363873399498
72,2022-01-25 00:00:00,0.0661179530838794,-1.137635257644477
73,2022-01-25 08:00:00,0.066185198055155,-1.226000410166042
74,2022-01-25 16:00:00,0.0665369660334064,-1.2178131739370095
75,2022-01-26 00:00:00,0.0659430612605568,-1.124339018088154
76,2022-01-26 08:00:00,0.0685758958066273,-0.9549070351164708
77,2022-01-26 16:00:00,0.0668888780228079,-0.828857315705752
78,2022-01-27 00:00:00,0.0664188509457532,-0.7436859856078991
79,2022-01-27 08:00:00,0.0676652083373135,-0.6014282255127408
80,2022-01-27 16:00:00,0.0652388690982274,-0.5389658524581038
81,2022-01-28 00:00:00,0.0649694285170792,-0.8146516740464262
82,2022-01-28 08:00:00,0.0656923296164942,-0.8605928742463769
83,2022-01-28 16:00:00,0.0675092004369544,-0.6966193994870367
84,2022-01-29 00:00:00,0.0678600589253392,-0.6586181720859906
85,2022-01-29 08:00:00,0.0677348760559405,-0.29622455069193554
86,2022-01-29 16:00:00,0.0681513164098104,0.2237903947042861
87,2022-01-30 00:00:00,0.0684723075515352,0.6781510539323405
88,2022-01-30 08:00:00,0.0689295025412793,1.036135728638062
89,2022-01-30 16:00:00,0.068661656755066,1.1429714553126071
90,2022-01-31 00:00:00,0.0681193889946856,1.1228601346736486
91,2022-01-31 08:00:00,0.0694732656469527,1.126209870730765
92,2022-01-31 16:00:00,0.0698439973691941,1.1156460493240252
93,2022-02-01 00:00:00,0.0711879926124391,1.1046045160835647
94,2022-02-01 08:00:00,0.0716731297923343,1.1712187493879715
95,2022-02-01 16:00:00,0.0720412266691477,1.325534322634995
96,2022-02-02 00:00:00,0.0718370492274336,1.3730765260992956
97,2022-02-02 08:00:00,0.071167724266916,1.362928909149491
98,2022-02-02 16:00:00,0.0726544644140126,1.2884759434932094
99,2022-02-03 00:00:00,0.0721316169042692,1.1860310238313592
100,2022-02-03 08:00:00,0.0715343215989209,1.0712575055127551
101,2022-02-03 16:00:00,0.0722573678555447,1.0331553579067916
102,2022-02-04 00:00:00,0.0740492388628896,1.1334897507928328
103,2022-02-04 08:00:00,0.0727557112497498,1.0311376363892768
104,2022-02-04 16:00:00,0.0720512654011452,0.9537438703766756
105,2022-02-05 00:00:00,0.072534908336918,0.984682486823003
106,2022-02-05 08:00:00,0.0730657989877078,0.9774288392070286
107,2022-02-05 16:00:00,0.0728104129819169,0.7467863235653935
108,2022-02-06 00:00:00,0.0723420206554178,0.6295950595125076
109,2022-02-06 08:00:00,0.0720520756807534,0.5819067277110422
110,2022-02-06 16:00:00,0.0720836045930161,0.47834153302020876
111,2022-02-07 00:00:00,0.0720749903453441,0.19510628716862657
112,2022-02-07 08:00:00,0.0712697098086457,-0.3096777361174029
113,2022-02-07 16:00:00,0.0716093026226061,-0.5733373475099288
114,2022-02-08 00:00:00,0.0707461215900199,-0.813547758712456
115,2022-02-08 08:00:00,0.0708390133372632,-0.9940567231492571
116,2022-02-08 16:00:00,0.0707631457653595,-1.1789987321774176
117,2022-02-09 00:00:00,0.0708884567275648,-1.2276320505232452
118,2022-02-09 08:00:00,0.0724788608452014,-1.0223234907667267
119,2022-02-09 16:00:00,0.0730950900060394,-0.5091822459235681
120,2022-02-10 00:00:00,0.0723391275753761,-0.2183853517507993
121,2022-02-10 08:00:00,0.0714148403604405,-0.022287768641410088
122,2022-02-10 16:00:00,0.0706382743922345,0.12321526933212272
123,2022-02-11 00:00:00,0.0714668591817953,-0.04696708327381321
124,2022-02-11 08:00:00,0.0710610976651317,-0.4863777720692884
125,2022-02-11 16:00:00,0.0690800824166098,-0.8825187435601204
126,2022-02-12 00:00:00,0.0693221007229785,-1.0509684948704867
127,2022-02-12 08:00:00,0.0683788179152669,-1.1134473384330064
128,2022-02-12 16:00:00,0.0691317878661563,-1.3117078468231385
129,2022-02-13 00:00:00,0.0689081019397217,-1.458283122715453
130,2022-02-13 08:00:00,0.068576899131926,-1.3369404318420186
131,2022-02-13 16:00:00,0.0682849697073453,-1.2927999802333503
132,2022-02-14 00:00:00,0.0681184524892652,-1.1527288028526925
133,2022-02-14 08:00:00,0.0689946331896703,-1.0854639013738052
134,2022-02-14 16:00:00,0.0688848764408959,-1.0117755199850598
135,2022-02-15 00:00:00,0.0698025455985315,-0.8233764824532718
136,2022-02-15 08:00:00,0.0706582707523967,-0.5116096360612139
137,2022-02-15 16:00:00,0.0714477094483153,-0.09432203973617301
138,2022-02-16 00:00:00,0.071270629452929,0.24963965182565592
139,2022-02-16 08:00:00,0.0703256451894054,0.6139847124768549
140,2022-02-16 16:00:00,0.0711711136692615,0.9371011617490806
141,2022-02-17 00:00:00,0.0707812933982324,1.0138856237895417
142,2022-02-17 08:00:00,0.0712926545964524,0.9329731319084958
143,2022-02-17 16:00:00,0.0713858277047043,0.9600316053490118
144,2022-02-18 00:00:00,0.0714341222530445,1.108863662269073
145,2022-02-18 08:00:00,0.0702932063893784,0.9231218471394823
146,2022-02-18 16:00:00,0.0695288481983165,0.7097034342536133
147,2022-02-19 00:00:00,0.0698376192770605,0.4270523413835683
148,2022-02-19 08:00:00,0.0686878339704204,-0.023916963779789663
149,2022-02-19 16:00:00,0.0689475561719972,-0.45209134140131996
150,2022-02-20 00:00:00,0.068402899507125,-0.7612077416258046
151,2022-02-20 08:00:00,0.0691830608290147,-0.8976389161425367
152,2022-02-20 16:00:00,0.0683131839499739,-1.1947103562945909
153,2022-02-21 00:00:00,0.0699279022952672,-1.0381206393050924
154,2022-02-21 08:00:00,0.0701377548129182,-0.9072108817595994
155,2022-02-21 16:00:00,0.0693815376886865,-0.6923522236021101
156,2022-02-22 00:00:00,0.0684082287516826,-0.6944822161355101
157,2022-02-22 08:00:00,0.0695067561483333,-0.41118802002954613
158,2022-02-22 16:00:00,0.0689690710862787,-0.49743885294831663
159,2022-02-23 00:00:00,0.0706419228853765,-0.41102377405538243
160,2022-02-23 08:00:00,0.0697919965938533,-0.2800787668388829
161,2022-02-23 16:00:00,0.0692421895344997,-0.036373745316171574
162,2022-02-24 00:00:00,0.0671380513331672,-0.2880295767844693
163,2022-02-24 08:00:00,0.0683504485971422,-0.2819940314905455
164,2022-02-24 16:00:00,0.0677306639457841,-0.7516357086324679
165,2022-02-25 00:00:00,0.0679286824607098,-1.0449631232738763
166,2022-02-25 08:00:00,0.0693319971585143,-1.0193956732350635
167,2022-02-25 16:00:00,0.0705767014451957,-0.26438880123121444
168,2022-02-26 00:00:00,0.0712446395726454,0.19505895447379612
169,2022-02-26 08:00:00,0.0710108675142409,0.6724889615621222
170,2022-02-26 16:00:00,0.0710384441359847,1.0627688201229093
171,2022-02-27 00:00:00,0.0705190138376193,1.182711615332538
172,2022-02-27 08:00:00,0.0713637391593802,1.1486049508611464
173,2022-02-27 16:00:00,0.0694041112057008,0.8737329566866907
174,2022-02-28 00:00:00,0.0687237571654348,0.5580366924647296
175,2022-02-28 08:00:00,0.0689644107279768,0.24044525099474204
176,2022-02-28 16:00:00,0.0676696047688965,-0.1793855007773856
177,2022-03-01 00:00:00,0.0671660493358808,-0.6858621549216632
178,2022-03-01 08:00:00,0.0675793438071282,-0.8650731654384732
179,2022-03-01 16:00:00,0.0669867336511495,-0.9476472002231029
180,2022-03-02 00:00:00,0.0675144448208978,-1.0445900232238192
181,2022-03-02 08:00:00,0.0668956968462272,-1.0240238888187956
182,2022-03-02 16:00:00,0.0671436935182211,-1.0272200020567295
183,2022-03-03 00:00:00,0.0668952161022699,-1.030755966262297
184,2022-03-03 08:00:00,0.0664627482684954,-1.0153266993144925
185,2022-03-03 16:00:00,0.0667342655860261,-1.0416397141936735
186,2022-03-04 00:00:00,0.0659534773710225,-1.0005292132099124
187,2022-03-04 08:00:00,0.0656557242097865,-1.0092603451212294
188,2022-03-04 16:00:00,0.0669917943163122,-0.9464437264397924
189,2022-03-05 00:00:00,0.067612686957324,-0.7840383806516582
190,2022-03-05 08:00:00,0.0674903141608628,-0.654864219869794
191,2022-03-05 16:00:00,0.06766479681194,-0.35952824080894
192,2022-03-06 00:00:00,0.0671565092873754,0.054687773245626854
193,2022-03-06 08:00:00,0.0676042130400434,0.33769484359462004
194,2022-03-06 16:00:00,0.0663803514909212,0.18582379657916864
195,2022-03-07 00:00:00,0.066529975696451,0.10791048260133053
196,2022-03-07 08:00:00,0.0669803498031909,-0.07073567751821319
197,2022-03-07 16:00:00,0.065592914763979,-0.42992450412590033
198,2022-03-08 00:00:00,0.0657887705043492,-0.8288880065854738
199,2022-03-08 08:00:00,0.0662175307875401,-0.806557995564658
200,2022-03-08 16:00:00,0.0664996411662355,-0.7648066300674059
201,2022-03-09 00:00:00,0.0657029578833021,-1.0102708640489217
202,2022-03-09 08:00:00,0.0648352785414114,-0.9275603943641029
203,2022-03-09 16:00:00,0.0650159005630754,-0.9282688322878931
204,2022-03-10 00:00:00,0.066085954861465,-0.9329816283802591
205,2022-03-10 08:00:00,0.0663050274738596,-0.9565663305114773
206,2022-03-10 16:00:00,0.0661274447629436,-0.871092840265853
207,2022-03-11 00:00:00,0.0666597664136573,-0.5102382744039209
208,2022-03-11 08:00:00,0.06603476200589,-0.20807500629229617
209,2022-03-11 16:00:00,0.0660204152776307,-0.13502556416349024
210,2022-03-12 00:00:00,0.0662081293827008,-0.08279122563370499
211,2022-03-12 08:00:00,0.0661970135799908,0.04121564688343732
212,2022-03-12 16:00:00,0.0661933465450637,-0.029840193241471823
213,2022-03-13 00:00:00,0.0660355008391665,0.11901664141347934
214,2022-03-13 08:00:00,0.0662559906307305,0.22567696717507016
215,2022-03-13 16:00:00,0.0665945742754582,0.37026609539996064
216,2022-03-14 00:00:00,0.0661986319773378,0.4927346347498849
217,2022-03-14 08:00:00,0.0660408203069863,0.3876777122046397
218,2022-03-14 16:00:00,0.0652778127819586,0.10078003201463145
219,2022-03-15 00:00:00,0.0658759266484588,-0.022388433164866148
220,2022-03-15 08:00:00,0.065926962548314,-0.24936500246231896
221,2022-03-15 16:00:00,0.0666477433282503,-0.15156901586966923
222,2022-03-16 00:00:00,0.0668642731517981,-0.0227879421139771
223,2022-03-16 08:00:00,0.0665968916459599,0.49871675176103997
224,2022-03-16 16:00:00,0.0674467521161763,0.9456075967071571
225,2022-03-17 00:00:00,0.067656691134952,1.290262040121713
226,2022-03-17 08:00:00,0.0686776875710867,1.3054278315946777
227,2022-03-17 16:00:00,0.0687293519695044,1.3804805157553741
228,2022-03-18 00:00:00,0.0688561754892635,1.5174823968909639
229,2022-03-18 08:00:00,0.070781429444105,1.465063903177627
230,2022-03-18 16:00:00,0.0703840737973446,1.5049996053436385
231,2022-03-19 00:00:00,0.0702700949021059,1.4573838843655247
232,2022-03-19 08:00:00,0.070758486841164,1.4448551335499384
233,2022-03-19 16:00:00,0.0699152030364847,1.4295820577973322
234,2022-03-20 00:00:00,0.0698766198865332,1.2203083734385611
235,2022-03-20 08:00:00,0.0690438060033674,1.0185853644280713
236,2022-03-20 16:00:00,0.0693619145955431,0.8509884794861211
237,2022-03-21 00:00:00,0.0703160388948491,0.6926582658618856
238,2022-03-21 08:00:00,0.0716824141569735,0.7221866331907227
239,2022-03-21 16:00:00,0.0704859383687922,0.7010185527666549
240,2022-03-22 00:00:00,0.070883000063946,0.8332202855273322
241,2022-03-22 08:00:00,0.0705177467541008,0.9211222359659913
242,2022-03-22 16:00:00,0.0700966285078887,0.8561553395335526
243,2022-03-23 00:00:00,0.0700480200629818,0.5634779811380468
244,2022-03-23 08:00:00,0.0711334957037537,0.5709768894811003
245,2022-03-23 16:00:00,0.0708016362016613,0.46556107019391374
246,2022-03-24 00:00:00,0.0705037374065648,0.3853264003254089
247,2022-03-24 08:00:00,0.070812628152378,0.48463482074646297
248,2022-03-24 16:00:00,0.0707023596848904,0.6216603262120786
249,2022-03-25 00:00:00,0.0712409533742946,0.5962273459346381
250,2022-03-25 08:00:00,0.0703957639584517,0.46470349798518273
251,2022-03-25 16:00:00,0.0699968634140947,0.3199690844285281
252,2022-03-26 00:00:00,0.0704163839700933,0.2227749663668003
253,2022-03-26 08:00:00,0.0705010078068268,0.11319083167924182
254,2022-03-26 16:00:00,0.0706393722861552,-0.14869152920396694
255,2022-03-27 00:00:00,0.0705296147930898,-0.2760015177768023
256,2022-03-27 08:00:00,0.0706784433233534,-0.1620315604115496
257,2022-03-27 16:00:00,0.070360762561143,-0.19554354913109645
258,2022-03-28 00:00:00,0.0706371297242083,-3.0412772825606752e-05
259,2022-03-28 08:00:00,0.0708040372683906,0.05240986497172095
260,2022-03-28 16:00:00,0.0707426332966925,0.2086366968780415
261,2022-03-29 00:00:00,0.0715346994627833,0.4873751997992796
262,2022-03-29 08:00:00,0.0717335542192798,0.8722234763094375
263,2022-03-29 16:00:00,0.0716914702304528,1.1095927037244868
264,2022-03-30 00:00:00,0.0719387485884947,1.3346331621524297
265,2022-03-30 08:00:00,0.0717077244966962,1.515445650446002
266,2022-03-30 16:00:00,0.0719409098924726,1.4284998550269814
267,2022-03-31 00:00:00,0.0721602052391099,1.3313605223051328
268,2022-03-31 08:00:00,0.0721207150069214,1.2766015388863534
269,2022-03-31 16:00:00,0.0720855687814995,1.19819847780664
270,2022-04-01 00:00:00,0.0728548362379707,1.22146202024062
271,2022-04-01 08:00:00,0.0737718342371154,1.2502699110957745
272,2022-04-01 16:00:00,0.0746598709270394,1.2677937936006165
273,2022-04-02 00:00:00,0.0747690630311979,1.354124512567223
274,2022-04-02 08:00:00,0.0747761700179064,1.4751030523018935
275,2022-04-02 16:00:00,0.0751924395174494,1.52080470759538
276,2022-04-03 00:00:00,0.0752823311189716,1.484462418547929
277,2022-04-03 08:00:00,0.0754152580536037,1.3902143516954788
278,2022-04-03 16:00:00,0.0758732723610078,1.3216285195509334
279,2022-04-04 00:00:00,0.0758463500780679,1.2823164934537352
280,2022-04-04 08:00:00,0.0750412495151949,1.1882766609571058
281,2022-04-04 16:00:00,0.0755386494533542,1.1055924835461592
282,2022-04-05 00:00:00,0.0755053673199368,1.0167144653358153
283,2022-04-05 08:00:00,0.0754443087183499,0.8774604411158282
284,2022-04-05 16:00:00,0.0748623107184457,0.6932512233150603
285,2022-04-06 00:00:00,0.0738983035874013,0.507800084108669
286,2022-04-06 08:00:00,0.0737638090579267,0.19950280967006512
287,2022-04-06 16:00:00,0.0733846381941677,-0.19941425689932726
288,2022-04-07 00:00:00,0.0742304416875733,-0.5636109505570162
289,2022-04-07 08:00:00,0.0738216983787824,-1.0088759002455152
290,2022-04-07 16:00:00,0.0742818602231475,-1.1437790000541965
291,2022-04-08 00:00:00,0.0751117561020203,-0.9189500494768029
292,2022-04-08 08:00:00,0.075169773452106,-0.4619015671395093
293,2022-04-08 16:00:00,0.0755429728815243,-0.15227671097204645
294,2022-04-09 00:00:00,0.0755518258450109,0.25524366668929155
295,2022-04-09 08:00:00,0.0759820229827357,0.6235665340963454
296,2022-04-09 16:00:00,0.0762180317822676,0.7981012664634228
297,2022-04-10 00:00:00,0.0760615315327994,0.941085614189433
298,2022-04-10 08:00:00,0.0761780319070535,1.0488255249823504
299,2022-04-10 16:00:00,0.0759701747477,1.1287012210411789
300,2022-04-11 00:00:00,0.0751511827479089,0.9356127358638746
301,2022-04-11 08:00:00,0.0739975408240457,0.5088021131572751
302,2022-04-11 16:00:00,0.0753960402302486,0.3703824761828906
303,2022-04-12 00:00:00,0.0752878898365616,0.1843672769816486
304,2022-04-12 08:00:00,0.0757678620312072,0.08846178952271064
305,2022-04-12 16:00:00,0.0755451519038516,0.08787374337365346
306,2022-04-13 00:00:00,0.0760323164258551,0.436576352044256
307,2022-04-13 08:00:00,0.075152079061677,0.32006272678355585
308,2022-04-13 16:00:00,0.0757888852431125,0.3709604045994697
309,2022-04-14 00:00:00,0.0754404795363577,0.1889850347607262
310,2022-04-14 08:00:00,0.0754556166240965,0.06606537803317324
311,2022-04-14 16:00:00,0.075666452173434,-0.13354420586838464
312,2022-04-15 00:00:00,0.0753903765108142,-0.061468116187866
313,2022-04-15 08:00:00,0.0749280658305891,-0.3327561087597163
314,2022-04-15 16:00:00,0.0749800230844357,-0.4425192545800346
315,2022-04-16 00:00:00,0.0751093519089241,-0.49455417995095646
316,2022-04-16 08:00:00,0.0753289941803419,-0.5696969757390639
317,2022-04-16 16:00:00,0.075774829975778,-0.39887059935623775
318,2022-04-17 00:00:00,0.075405193425566,-0.13082834721608091
319,2022-04-17 08:00:00,0.0759660238456042,0.30899350028619244
320,2022-04-17 16:00:00,0.0753187049162974,0.3861341359227862
321,2022-04-18 00:00:00,0.0743205149619046,-0.11539432616093798
322,2022-04-18 08:00:00,0.0742742406058336,-0.617004463720594
323,2022-04-18 16:00:00,0.0748998759785683,-0.7736929270143844
324,2022-04-19 00:00:00,0.0746963522952375,-1.1716571179008248
325,2022-04-19 08:00:00,0.0750455927051671,-1.2370855680961628
326,2022-04-19 16:00:00,0.0747751873338459,-0.9729245255959721
327,2022-04-20 00:00:00,0.0747417592785226,-0.7087335691254081
328,2022-04-20 08:00:00,0.0743764133862371,-0.7689912992279765
329,2022-04-20 16:00:00,0.0744019908246009,-0.7572677306486537
330,2022-04-21 00:00:00,0.0741024813925426,-0.9408323668344205
331,2022-04-21 08:00:00,0.0736868836701515,-1.070366674273082
332,2022-04-21 16:00:00,0.0737122750836409,-1.1954581902464814
333,2022-04-22 00:00:00,0.0741982399850629,-1.169358912612323
334,2022-04-22 08:00:00,0.0747894045511946,-1.0345089595508388
335,2022-04-22 16:00:00,0.0745997688140766,-0.8421541171898272
336,2022-04-23 00:00:00,0.0747354306968569,-0.46955324574431323
337,2022-04-23 08:00:00,0.0745397663022992,-0.10345057699095857
338,2022-04-23 16:00:00,0.0743543193285833,0.05185237037602758
339,2022-04-24 00:00:00,0.0741962183267253,-0.007724092862827922
340,2022-04-24 08:00:00,0.0742404107291905,-0.05807511819104523
341,2022-04-24 16:00:00,0.0740404649771617,-0.39104529501793156
342,2022-04-25 00:00:00,0.0731300656518889,-0.7858877337606867
343,2022-04-25 08:00:00,0.0736263426099362,-0.9403761908339702
344,2022-04-25 16:00:00,0.0743633188550622,-0.8518958383068455
345,2022-04-26 00:00:00,0.073995959695499,-0.9055140988639347
346,2022-04-26 08:00:00,0.0741564234220216,-0.8178628985914305
347,2022-04-26 16:00:00,0.0737113036907601,-0.427057020703887
348,2022-04-27 00:00:00,0.0738687979539642,-0.24854364367141746
349,2022-04-27 08:00:00,0.0734456237501922,-0.5477849330477611
350,2022-04-27 16:00:00,0.0736563169164882,-0.6379993377815645
351,2022-04-28 00:00:00,0.0736571097772767,-0.8559176822081052
352,2022-04-28 08:00:00,0.0732798766931245,-0.9437740748521108
353,2022-04-28 16:00:00,0.073895081142282,-0.9023400275149762
354,2022-04-29 00:00:00,0.0738725477819577,-0.6766552130707554
355,2022-04-29 08:00:00,0.0732356236236339,-0.7087050313449433
356,2022-04-29 16:00:00,0.072991306826279,-0.815768013691047
357,2022-04-30 00:00:00,0.0731932814411841,-0.7255192136517239
358,2022-04-30 08:00:00,0.0731935422661333,-0.9377854219504954
359,2022-04-30 16:00:00,0.0724678313464328,-1.2193958243612066
360,2022-05-01 00:00:00,0.0728665836101153,-1.224984777450351
361,2022-05-01 08:00:00,0.0729025720966484,-1.134231578729141
362,2022-05-01 16:00:00,0.0734284221444112,-1.0828915443810974
363,2022-05-02 00:00:00,0.0731832197108992,-1.0331373970381101
364,2022-05-02 08:00:00,0.0730707115079006,-0.7102600908643779
365,2022-05-02 16:00:00,0.0741424206156554,-0.14465398525315273
366,2022-05-03 00:00:00,0.0737919049656979,0.30551480534443093
367,2022-05-03 08:00:00,0.0736588318790965,0.42129778484454766
368,2022-05-03 16:00:00,0.0737336521181341,0.707391773780537
369,2022-05-04 00:00:00,0.0731383322392734,0.7704648007264457
370,2022-05-04 08:00:00,0.0729801025409419,0.29767913218734793
371,2022-05-04 16:00:00,0.0740812398601328,0.3612701883063218
372,2022-05-05 00:00:00,0.07410204932005,0.4381784742594004
373,2022-05-05 08:00:00,0.0743151009702792,0.5977475838822248
374,2022-05-05 16:00:00,0.0752091392054625,1.0137138935248475
375,2022-05-06 00:00:00,0.0750697676976247,1.3385381430853898
376,2022-05-06 08:00:00,0.0746515761699763,1.33718968095788
377,2022-05-06 16:00:00,0.0747472559815853,1.353324679433712
378,2022-05-07 00:00:00,0.0744021156656691,1.29436266724735
379,2022-05-07 08:00:00,0.0748678506580356,1.0984357251731727
380,2022-05-07 16:00:00,0.0743166163380504,0.8451951347930379
381,2022-05-08 00:00:00,0.0738839788905394,0.6019225627311041
382,2022-05-08 08:00:00,0.0732378216824834,0.1647113350210373
383,2022-05-08 16:00:00,0.0740308232860936,-0.006346234804707621
384,2022-05-09 00:00:00,0.0730142964096415,-0.5653889343079836
385,2022-05-09 08:00:00,0.0736163371311082,-0.7300779179091891
386,2022-05-09 16:00:00,0.0740896204938,-0.6933214044345555
387,2022-05-10 00:00:00,0.0750654058961794,-0.23741550313984966
388,2022-05-10 08:00:00,0.0754231172082566,0.03988182082888602
389,2022-05-10 16:00:00,0.0755106317808837,0.5457603975529135
390,2022-05-11 00:00:00,0.0756167075846218,0.9251785275041476
391,2022-05-11 08:00:00,0.0731419256963945,0.6808270371091591
392,2022-05-11 16:00:00,0.0716664089479923,-0.02210313630972414
393,2022-05-12 00:00:00,0.0679960751808321,-0.6903409026590168
394,2022-05-12 08:00:00,0.0678053637629029,-1.0827686781031083
395,2022-05-12 16:00:00,0.0675361859445901,-1.4194716029721486
396,2022-05-13 00:00:00,0.0678612969609002,-1.5533720064056422
397,2022-05-13 08:00:00,0.0690221171692397,-1.5880347590845256
398,2022-05-13 16:00:00,0.0686237140866429,-1.395781687000115
399,2022-05-14 00:00:00,0.0690278174134018,-1.2058851035917761
400,2022-05-14 08:00:00,0.0681518294989571,-1.0381608403951819
401,2022-05-14 16:00:00,0.0683449101000365,-0.9032033886409532
402,2022-05-15 00:00:00,0.0683146142756562,-0.8571617175740243
403,2022-05-15 08:00:00,0.0687217579077858,-0.7735911916353858
404,2022-05-15 16:00:00,0.0684706362934264,-0.7352316740635941
405,2022-05-16 00:00:00,0.0679771958460483,-0.661028738452878
406,2022-05-16 08:00:00,0.067894461948006,-0.6053881579257551
407,2022-05-16 16:00:00,0.0677454023161679,-0.5579564896213648
408,2022-05-17 00:00:00,0.0680852322977935,-0.5330206579679289
409,2022-05-17 08:00:00,0.068351743829361,-0.487296186888676
410,2022-05-17 16:00:00,0.0686794634293747,-0.38126859938496965
411,2022-05-18 00:00:00,0.0681481828087086,-0.2524123353562879
412,2022-05-18 08:00:00,0.0674823871987193,-0.1399099604282781
413,2022-05-18 16:00:00,0.0666807116267894,-0.4935434449218973
414,2022-05-19 00:00:00,0.0668797226846428,-0.8391004258502781
415,2022-05-19 08:00:00,0.0665837389224,-1.2759558353846172
416,2022-05-19 16:00:00,0.0666475302470907,-1.4766375074213982
417,2022-05-20 00:00:00,0.0669559240484577,-1.4926981704120228
418,2022-05-20 08:00:00,0.0672739809675405,-1.263332130505547
419,2022-05-20 16:00:00,0.0670847887131018,-1.1399034308282754
420,2022-05-21 00:00:00,0.067252032409799,-0.8899470490862853
421,2022-05-21 08:00:00,0.0670244661771175,-0.6957355952442734
422,2022-05-21 16:00:00,0.0670709094613869,-0.5843582509631162
423,2022-05-22 00:00:00,0.0671034042437579,-0.5580030278548197
424,2022-05-22 08:00:00,0.0671488731578048,-0.466156913936957
425,2022-05-22 16:00:00,0.0674502903512276,-0.3666628108813736
426,2022-05-23 00:00:00,0.0678767060307118,-0.07802718641582886
427,2022-05-23 08:00:00,0.0680060846717635,0.21156586397882987
428,2022-05-23 16:00:00,0.0677897513938365,0.4747217353235652
429,2022-05-24 00:00:00,0.0675184840054686,0.7262420254324333
430,2022-05-24 08:00:00,0.0667969999523585,0.7892006420994186
431,2022-05-24 16:00:00,0.0667336473333041,0.48544397961660174
432,2022-05-25 00:00:00,0.0665403411462189,-0.10491216293806527
433,2022-05-25 08:00:00,0.0663105773709471,-0.7059093567724537
434,2022-05-25 16:00:00,0.0657669824700359,-1.1330684235689779
435,2022-05-26 00:00:00,0.0648098379072919,-1.2594114932145297
436,2022-05-26 08:00:00,0.0633663736929322,-1.3178946445111281
437,2022-05-26 16:00:00,0.0613792111454726,-1.3454845367315318
438,2022-05-27 00:00:00,0.060879583318961,-1.4454469292376089
439,2022-05-27 08:00:00,0.0611505679356397,-1.5434675757282654
440,2022-05-27 16:00:00,0.0603424970923023,-1.5850860415068542
441,2022-05-28 00:00:00,0.0611364053416798,-1.552019538480555
442,2022-05-28 08:00:00,0.0619376697039431,-1.3879584240144323
443,2022-05-28 16:00:00,0.0617305254746355,-1.2129894875049825
444,2022-05-29 00:00:00,0.0614916060532938,-1.0798047684174688
445,2022-05-29 08:00:00,0.0615131038448899,-0.902279704339403
446,2022-05-29 16:00:00,0.0615510974297709,-0.7864363619071861
447,2022-05-30 00:00:00,0.0622834591693841,-0.6994843590736035
448,2022-05-30 08:00:00,0.0624272928458118,-0.5864395688150229
449,2022-05-30 16:00:00,0.0629862294710113,-0.4064206614272991
450,2022-05-31 00:00:00,0.0623987814185327,-0.24794463227565675
451,2022-05-31 08:00:00,0.0620017085170197,-0.09848109640534057
452,2022-05-31 16:00:00,0.0610865961937052,-0.0915462295146675
453,2022-06-01 00:00:00,0.0613390894420513,-0.08819733255708072
454,2022-06-01 08:00:00,0.0611629774877162,-0.24894405988052898
455,2022-06-01 16:00:00,0.0610016574622709,-0.4567278924200705
456,2022-06-02 00:00:00,0.0609339552139215,-0.6724708681745882
457,2022-06-02 08:00:00,0.0601193826269475,-0.785346576427982
458,2022-06-02 16:00:00,0.0602313660976098,-0.9916613825021535
459,2022-06-03 00:00:00,0.0595883616583782,-1.1457044032614485
460,2022-06-03 08:00:00,0.0597705551413271,-1.3301795297202965
461,2022-06-03 16:00:00,0.0597714655094049,-1.4105818508373975
462,2022-06-04 00:00:00,0.059563163512335,-1.3250301657559342
463,2022-06-04 08:00:00,0.0595851867731389,-1.2877641351578508
464,2022-06-04 16:00:00,0.0604248138426099,-1.0796603930146629
465,2022-06-05 00:00:00,0.0602558393717362,-0.9275768094660244
466,2022-06-05 08:00:00,0.0604297129130732,-0.757764184897955
467,2022-06-05 16:00:00,0.060361600802072,-0.5447399549184913
468,2022-06-06 00:00:00,0.0605069002207942,-0.29393411645067863
469,2022-06-06 08:00:00,0.0598269433206082,-0.3023833863677091
470,2022-06-06 16:00:00,0.0592821987325793,-0.3937972087008793
471,2022-06-07 00:00:00,0.0595994185653437,-0.5284647254992644
472,2022-06-07 08:00:00,0.0595999705614729,-0.6740301929986049
473,2022-06-07 16:00:00,0.0582649566608624,-1.0380380582993898
474,2022-06-08 00:00:00,0.0591096959562276,-1.147025753445963
475,2022-06-08 08:00:00,0.0595583289861776,-1.0285803497689514
476,2022-06-08 16:00:00,0.0593279258400927,-1.073446589442439
477,2022-06-09 00:00:00,0.0594153416246851,-1.0800991687688335
478,2022-06-09 08:00:00,0.059367895922899,-0.605059386935031
479,2022-06-09 16:00:00,0.0594104459021838,-0.47367363383572375
480,2022-06-10 00:00:00,0.0595164182878665,-0.4651950881295225
481,2022-06-10 08:00:00,0.0586354299295475,-0.5686736166885841
482,2022-06-10 16:00:00,0.0571573935612506,-0.8289881193240697
483,2022-06-11 00:00:00,0.0568608798237897,-1.0380383396732222
484,2022-06-11 08:00:00,0.053433730273304,-1.1556513605092211
485,2022-06-11 16:00:00,0.0539306472268742,-1.373790388247866
486,2022-06-12 00:00:00,0.0532255264357173,-1.5101565235509988
487,2022-06-12 08:00:00,0.0543149629281593,-1.54958983295573
488,2022-06-12 16:00:00,0.0540128380717306,-1.5961235980511017
489,2022-06-13 00:00:00,0.051719049845995,-1.4080214296890134
490,2022-06-13 08:00:00,0.052806050143008,-1.3087252514642196
491,2022-06-13 16:00:00,0.0538033882022247,-1.1621151776036431
492,2022-06-14 00:00:00,0.0542316803468561,-1.0886704005858199
493,2022-06-14 08:00:00,0.0551124820976093,-0.9628850240610636
494,2022-06-14 16:00:00,0.0546035961572336,-0.6932785769916275
495,2022-06-15 00:00:00,0.0527776571464416,-0.5809992525858424
496,2022-06-15 08:00:00,0.0522996340005975,-0.5711874408198936
497,2022-06-15 16:00:00,0.0547967465275779,-0.4740383791880346
498,2022-06-16 00:00:00,0.0535606944916773,-0.5222849742160843
499,2022-06-16 08:00:00,0.0528623011335329,-0.591692350931035
500,2022-06-16 16:00:00,0.0523834969066504,-0.5423364594363572
501,2022-06-17 00:00:00,0.052103269962698,-0.45718027125704386
502,2022-06-17 08:00:00,0.0524911703517344,-0.7202858274827331
503,2022-06-17 16:00:00,0.0531026194686806,-0.8249627962903424
504,2022-06-18 00:00:00,0.0521359218257287,-0.8731335722501665
505,2022-06-18 08:00:00,0.0521990746846594,-0.8081894705103426
506,2022-06-18 16:00:00,0.0524328881161252,-0.6937116485258328
507,2022-06-19 00:00:00,0.0522039786320584,-0.6556513303408134
508,2022-06-19 08:00:00,0.0540704272952428,-0.46691366832928544
509,2022-06-19 16:00:00,0.0548675018594951,-0.0840048496639061
510,2022-06-20 00:00:00,0.0537488177609637,0.16834814571148585
511,2022-06-20 08:00:00,0.0544942093840628,0.5165981992969981
512,2022-06-20 16:00:00,0.0548359500315948,0.949092519292613
513,2022-06-21 00:00:00,0.0543747158660403,1.0872801136641361
514,2022-06-21 08:00:00,0.0545958554793592,1.036633561044279
515,2022-06-21 16:00:00,0.0543210114853778,1.0571096536931257
516,2022-06-22 00:00:00,0.0535051751592356,0.8404422145399141
517,2022-06-22 08:00:00,0.0535103221342201,0.6789266784296755
518,2022-06-22 16:00:00,0.0525294417818156,0.3517228259170286
519,2022-06-23 00:00:00,0.0533648158468502,0.08261315405847909
520,2022-06-23 08:00:00,0.0537415133085078,-0.10368437563154564
521,2022-06-23 16:00:00,0.0542200748424991,-0.0682527714484144
522,2022-06-24 00:00:00,0.0549295101096084,0.10265361744029983
523,2022-06-24 08:00:00,0.0573629194060439,0.6802546364891306
524,2022-06-24 16:00:00,0.0576942093887295,0.9943314249590982
525,2022-06-25 00:00:00,0.0573985047702293,1.238736450405612
526,2022-06-25 08:00:00,0.0564716096378875,1.4071492570021185
527,2022-06-25 16:00:00,0.057776506004476,1.5511473481497662
528,2022-06-26 00:00:00,0.0578704807310289,1.3894526279766843
529,2022-06-26 08:00:00,0.0573700079244876,1.224388804650417
530,2022-06-26 16:00:00,0.056931537843606,1.0788654379609377
531,2022-06-27 00:00:00,0.0574773070927331,1.0792232746511845
532,2022-06-27 08:00:00,0.0572067927255209,0.9363683513146004
533,2022-06-27 16:00:00,0.057497252164523,0.803496587238574
534,2022-06-28 00:00:00,0.0578349202091994,0.754226477854694
535,2022-06-28 08:00:00,0.0574571343987653,0.7317953588515875
536,2022-06-28 16:00:00,0.0564225838264299,0.5742318501140873
537,2022-06-29 00:00:00,0.0562744815023119,0.4214667323467367
538,2022-06-29 08:00:00,0.0554866846892596,0.1090632546990933
539,2022-06-29 16:00:00,0.0546570673344462,-0.4187909716502133
540,2022-06-30 00:00:00,0.0544164938693394,-0.965552686235961
541,2022-06-30 08:00:00,0.0539332769123071,-1.3256548295173287
542,2022-06-30 16:00:00,0.0537386271303754,-1.54847040693802
543,2022-07-01 00:00:00,0.054490433823304,-1.5211322506580123
544,2022-07-01 08:00:00,0.0547668404523264,-1.3911198153005333
545,2022-07-01 16:00:00,0.0549590805837629,-1.2285935808499078
546,2022-07-02 00:00:00,0.0544827117438838,-1.051168334938529
547,2022-07-02 08:00:00,0.0547351616694226,-0.8321159565478715
548,2022-07-02 16:00:00,0.0554210985540967,-0.6532758948388979
549,2022-07-03 00:00:00,0.0555946887949458,-0.4878020853622268
550,2022-07-03 08:00:00,0.0551561220418705,-0.4001817542121881
551,2022-07-03 16:00:00,0.0556138825039862,-0.1652561178416279
552,2022-07-04 00:00:00,0.0549585826046939,-0.0394198156569757
553,2022-07-04 08:00:00,0.0561614988385011,0.15719957636508164
554,2022-07-04 16:00:00,0.0568741691745857,0.48591076497509744
555,2022-07-05 00:00:00,0.057284329244163,0.9515620493037034
556,2022-07-05 08:00:00,0.055986866032507,1.0786855414200773
557,2022-07-05 16:00:00,0.056129758240015,1.3496587527478676
558,2022-07-06 00:00:00,0.0565058896466212,1.3102338757558536
559,2022-07-06 08:00:00,0.056259803434925,1.0873349049579806
560,2022-07-06 16:00:00,0.0576998268718267,0.909425112867783
561,2022-07-07 00:00:00,0.0575732667938744,1.0144183379289768
562,2022-07-07 08:00:00,0.058434314659568,1.1623518845719194
563,2022-07-07 16:00:00,0.0572201615066554,1.1895885205233938
564,2022-07-08 00:00:00,0.0569531744648051,1.2479470178497727
565,2022-07-08 08:00:00,0.0562657063772444,0.9629646169658684
566,2022-07-08 16:00:00,0.056235033649682,0.684093868436557
567,2022-07-09 00:00:00,0.0565783942833123,0.22783461651285705
568,2022-07-09 08:00:00,0.0563547414792487,-0.016816301024095644
569,2022-07-09 16:00:00,0.0563584993052339,-0.20367876503514878
570,2022-07-10 00:00:00,0.0557395102109673,-0.38162907635469034
571,2022-07-10 08:00:00,0.0556441195326628,-0.5320677234970498
572,2022-07-10 16:00:00,0.0560064040188094,-0.822847497292808
573,2022-07-11 00:00:00,0.0559363165774563,-0.9118426496259494
574,2022-07-11 08:00:00,0.0559584680951006,-0.9449266740895845
575,2022-07-11 16:00:00,0.0549108797803805,-0.9275605657840902
576,2022-07-12 00:00:00,0.0541761488907698,-1.002277901507099
577,2022-07-12 08:00:00,0.054116434050044,-1.1459315160411323
578,2022-07-12 16:00:00,0.0537285478505166,-1.26758040123488
579,2022-07-13 00:00:00,0.0542583581536712,-1.3884349958070104
580,2022-07-13 08:00:00,0.0545118540908436,-1.3510748133855548
581,2022-07-13 16:00:00,0.0551225802626508,-1.156571410505299
582,2022-07-14 00:00:00,0.0548948792724835,-1.0266703548317517
583,2022-07-14 08:00:00,0.0559366754617414,-0.5708484088935248
584,2022-07-14 16:00:00,0.0579626464132398,0.14388700268627094
585,2022-07-15 00:00:00,0.0581562803022302,0.657997768540807
586,2022-07-15 08:00:00,0.0587771867214328,1.0052448442059045
587,2022-07-15 16:00:00,0.0591024287222808,1.3454377223769989
588,2022-07-16 00:00:00,0.0582686131386861,1.4994612572611274
589,2022-07-16 08:00:00,0.0608389271357503,1.4297620705325909
590,2022-07-16 16:00:00,0.0639973009064613,1.3620385996727182
591,2022-07-17 00:00:00,0.0634097377160663,1.3630081861684133
592,2022-07-17 08:00:00,0.0638515859332561,1.3859346155089982
593,2022-07-17 16:00:00,0.0643634667718019,1.4821073053032763
594,2022-07-18 00:00:00,0.0659377064950126,1.4683891751203788
595,2022-07-18 08:00:00,0.0670926728986805,1.3522229264990444
596,2022-07-18 16:00:00,0.0704452972139396,1.324466775147075
597,2022-07-19 00:00:00,0.0694049429570443,1.3252999439122553
598,2022-07-19 08:00:00,0.0665912874283861,1.3092306450932534
599,2022-07-19 16:00:00,0.0659253022655492,1.2346004387121678
600,2022-07-20 00:00:00,0.0654886446259783,1.1133638379551425
601,2022-07-20 08:00:00,0.0660712438074505,0.858086722461566
602,2022-07-20 16:00:00,0.0655171968267913,0.6191622561504088
603,2022-07-21 00:00:00,0.0648716528806701,0.4711383562683825
604,2022-07-21 08:00:00,0.0667566266337451,0.42206579988359083
605,2022-07-21 16:00:00,0.0680346104168196,0.45327748358813985
606,2022-07-22 00:00:00,0.0692746349378042,0.5133969278381422
607,2022-07-22 08:00:00,0.0676465661281801,0.5691917894681509
608,2022-07-22 16:00:00,0.0676945525720659,0.7506645413302961
609,2022-07-23 00:00:00,0.0693161657503205,0.8934187023740567
610,2022-07-23 08:00:00,0.0685832740630036,0.855208177130825
611,2022-07-23 16:00:00,0.0689814773567591,0.7271353205546144
612,2022-07-24 00:00:00,0.0706756982920362,0.8694045917596749
613,2022-07-24 08:00:00,0.0705835748115594,1.0241658348184854
614,2022-07-24 16:00:00,0.0707758471779926,1.0145192774991192
615,2022-07-25 00:00:00,0.069306903647588,1.0271774042649335
616,2022-07-25 08:00:00,0.0697071989767951,1.1467403734367148
617,2022-07-25 16:00:00,0.0676183772115068,0.8799399878599349
618,2022-07-26 00:00:00,0.0668997635799128,0.4760102410226547
619,2022-07-26 08:00:00,0.0659863551987657,-0.046757682466396784
620,2022-07-26 16:00:00,0.0681760438133416,-0.25680903030262264
621,2022-07-27 00:00:00,0.0686017264717867,-0.47497849263692205
622,2022-07-27 08:00:00,0.0691727821644217,-0.4288657768822042
623,2022-07-27 16:00:00,0.0712698710045612,-0.07788140370554592
624,2022-07-28 00:00:00,0.0706098678183483,0.4395666964922432
625,2022-07-28 08:00:00,0.0727892961376644,0.7994248291497462
626,2022-07-28 16:00:00,0.0723087762265622,1.0668038413467476
627,2022-07-29 00:00:00,0.0716615915422947,1.216343846320746
628,2022-07-29 08:00:00,0.0717135905746685,1.1490260343846381
629,2022-07-29 16:00:00,0.0724131983880602,1.2015053667135296
630,2022-07-30 00:00:00,0.0718394800103863,1.004778977510785
631,2022-07-30 08:00:00,0.0708152388874617,0.8060843668018899
632,2022-07-30 16:00:00,0.071782842106599,0.7768854016768161
633,2022-07-31 00:00:00,0.0715997992501402,0.7301955875989465
634,2022-07-31 08:00:00,0.072006697123434,0.6457966477234778
635,2022-07-31 16:00:00,0.07203506241522,0.591205573125035
636,2022-08-01 00:00:00,0.0725885778237062,0.6796395856526175
637,2022-08-01 08:00:00,0.0717037996064494,0.6056941673150499
638,2022-08-01 16:00:00,0.0700490027510316,0.41246852316359894
639,2022-08-02 00:00:00,0.0696145293133352,0.04503529581832866
640,2022-08-02 08:00:00,0.070932135520039,-0.25805413705950186
641,2022-08-02 16:00:00,0.07094493157242,-0.7643272015993261
642,2022-08-03 00:00:00,0.0708695576499665,-1.1946689691573629
643,2022-08-03 08:00:00,0.0708947077784484,-0.9586840524347454
644,2022-08-03 16:00:00,0.0709155281353793,-0.6788175739650005
645,2022-08-04 00:00:00,0.0708496606675064,-0.6190871492147147
646,2022-08-04 08:00:00,0.0704557348451809,-0.6310131004462072
647,2022-08-04 16:00:00,0.0710649171514969,-0.5444752235621735
648,2022-08-05 00:00:00,0.0717502523531391,-0.32365659892032755
649,2022-08-05 08:00:00,0.0726451371549376,0.10801040499459907
650,2022-08-05 16:00:00,0.0745112088383567,0.6403920504226747
651,2022-08-06 00:00:00,0.0741565382294629,1.0288722264607635
652,2022-08-06 08:00:00,0.0739430610503452,1.2945846275596704
653,2022-08-06 16:00:00,0.0736636199670642,1.4274990951448814
654,2022-08-07 00:00:00,0.0732653477994499,1.4318692623616653
655,2022-08-07 08:00:00,0.0738068658155708,1.2176023749921554
656,2022-08-07 16:00:00,0.0733636571566668,1.0672620623537004
657,2022-08-08 00:00:00,0.0727929623499163,0.8766248402546081
658,2022-08-08 08:00:00,0.0739827671734246,0.7980491340657526
659,2022-08-08 16:00:00,0.0746444860692296,0.8347248418460529
660,2022-08-09 00:00:00,0.0746461290984722,0.8070700621496266
661,2022-08-09 08:00:00,0.0730110644494428,0.7179345103288173
662,2022-08-09 16:00:00,0.0735635014234306,0.7625383208313594
663,2022-08-10 00:00:00,0.0734425629768997,0.6299679081606394
664,2022-08-10 08:00:00,0.076581634779709,0.6474533199127477
665,2022-08-10 16:00:00,0.0773705744822979,0.726073535463742
666,2022-08-11 00:00:00,0.0769006266859325,1.027040574689232
667,2022-08-11 08:00:00,0.0776423949881893,1.2947582823658594
668,2022-08-11 16:00:00,0.0785674595050783,1.5719651447287966
669,2022-08-12 00:00:00,0.0788205342237061,1.5083923893013105
670,2022-08-12 08:00:00,0.0791293069653774,1.4169748502789528
671,2022-08-12 16:00:00,0.0802664207398299,1.4127547989050013
672,2022-08-13 00:00:00,0.0812372812372812,1.392128494306729
673,2022-08-13 08:00:00,0.0811103088451857,1.3474058385455177
674,2022-08-13 16:00:00,0.0811572858113028,1.3208358753915412
675,2022-08-14 00:00:00,0.0810781909547738,1.2940562969723515
676,2022-08-14 08:00:00,0.0809011396766498,1.2143719010244007
677,2022-08-14 16:00:00,0.0796198625910231,1.0523587660509401
678,2022-08-15 00:00:00,0.0790830086904405,0.862443059219645
679,2022-08-15 08:00:00,0.0791718956406869,0.6643257959502272
680,2022-08-15 16:00:00,0.0788154443743567,0.4418148111909066
681,2022-08-16 00:00:00,0.0782262064021938,0.15409673046488673
682,2022-08-16 08:00:00,0.0789788181338868,-0.02596167395202798
683,2022-08-16 16:00:00,0.0786827376585263,-0.27280958780094716
684,2022-08-17 00:00:00,0.0794725513112645,-0.36583350664728
685,2022-08-17 08:00:00,0.0782803108675393,-0.5049236921492788
686,2022-08-17 16:00:00,0.0786124467528905,-0.568762159100996
687,2022-08-18 00:00:00,0.0787988944942567,-0.6960587173208153
688,2022-08-18 08:00:00,0.0798736104181857,-0.5421466955863709
689,2022-08-18 16:00:00,0.0796296775417626,-0.5590827078892622
690,2022-08-19 00:00:00,0.0796210326426833,-0.3210150309251391
691,2022-08-19 08:00:00,0.0791837058244776,-0.1550940698974425
692,2022-08-19 16:00:00,0.0772176867809885,-0.25702862288511147
693,2022-08-20 00:00:00,0.0773461659385367,-0.553145168548341
694,2022-08-20 08:00:00,0.0767568734975961,-0.865617889264673
695,2022-08-20 16:00:00,0.0745409480923685,-1.1932286258637113
696,2022-08-21 00:00:00,0.0746044892005082,-1.4552010622623661
697,2022-08-21 08:00:00,0.0756949307637002,-1.4547205016159062
698,2022-08-21 16:00:00,0.0751795067224977,-1.4991604339382651
699,2022-08-22 00:00:00,0.0737797451196913,-1.5079493152900807
700,2022-08-22 08:00:00,0.074295458792749,-1.3335031128521349
701,2022-08-22 16:00:00,0.0759301314940981,-1.137862139176635
702,2022-08-23 00:00:00,0.0752275191378913,-1.0858921660855523
703,2022-08-23 08:00:00,0.076411271541686,-0.924558500310438
704,2022-08-23 16:00:00,0.0773785131185853,-0.5432767133275939
705,2022-08-24 00:00:00,0.0763147401948597,-0.29157618009423586
706,2022-08-24 08:00:00,0.0778848377755779,-0.07307318403811537
707,2022-08-24 16:00:00,0.077524372036861,0.20508829442996218
708,2022-08-25 00:00:00,0.0785926828707429,0.4981621279173031
709,2022-08-25 08:00:00,0.0788750156479648,0.7121722487344838
710,2022-08-25 16:00:00,0.0786311028644323,1.0601839111778182
711,2022-08-26 00:00:00,0.0774052491725327,1.1281818244899553
712,2022-08-26 08:00:00,0.0766857555341674,1.0420098035895526
713,2022-08-26 16:00:00,0.0745130880739928,0.5820016547116427
714,2022-08-27 00:00:00,0.0743898769147283,0.08161681098919982
715,2022-08-27 08:00:00,0.0735789552724451,-0.49343050480160383
716,2022-08-27 16:00:00,0.074432581100845,-0.8373224210840273
717,2022-08-28 00:00:00,0.0746423674303806,-1.0292393656859586
718,2022-08-28 08:00:00,0.0742711996483375,-1.0094513914167593
719,2022-08-28 16:00:00,0.0729694075297462,-1.1082678318933767
720,2022-08-29 00:00:00,0.0731300142762351,-1.081377697476074
721,2022-08-29 08:00:00,0.0751030360465747,-0.984063527818318
722,2022-08-29 16:00:00,0.0764806765427718,-0.8251062276543509
723,2022-08-30 00:00:00,0.077698869893352,-0.48900602848827873
724,2022-08-30 08:00:00,0.0771782972413548,-0.05013721813932582
725,2022-08-30 16:00:00,0.0769455213633793,0.326540882482983
726,2022-08-31 00:00:00,0.0782380324728857,0.6338397315897074
727,2022-08-31 08:00:00,0.077475871792835,0.7371936962223209
728,2022-08-31 16:00:00,0.0774794449513609,0.7669699364340408
729,2022-09-01 00:00:00,0.077623681750093,0.8842715470442152
730,2022-09-01 08:00:00,0.0776306345467595,1.0237599949159617
731,2022-09-01 16:00:00,0.0787820834430309,0.9969380496400899
732,2022-09-02 00:00:00,0.0792720582751162,1.0430486247623565
733,2022-09-02 08:00:00,0.0803867335458926,1.0889354955537427
734,2022-09-02 16:00:00,0.0789519322339732,1.0966889881960895
735,2022-09-03 00:00:00,0.0779135191324664,1.0747990604388153
736,2022-09-03 08:00:00,0.0783156297420333,0.9619034272529312
737,2022-09-03 16:00:00,0.0785282476617843,0.8142952298353513
738,2022-09-04 00:00:00,0.0787009217293884,0.5592965201344688
739,2022-09-04 08:00:00,0.0788456291745399,0.46612806197036527
740,2022-09-04 16:00:00,0.0789286607008948,0.5607846950782738
741,2022-09-05 00:00:00,0.0791021805055613,0.6395691902970061
742,2022-09-05 08:00:00,0.0806237942446115,0.8216127851966963
743,2022-09-05 16:00:00,0.0817102065767072,0.9999683723417151
744,2022-09-06 00:00:00,0.0832994288986332,1.1582222401555147
745,2022-09-06 08:00:00,0.0842505184235886,1.3259696776833747
746,2022-09-06 16:00:00,0.0829761759055763,1.4920529772998636
747,2022-09-07 00:00:00,0.0807626239795782,1.4558394929615373
748,2022-09-07 08:00:00,0.0818266611550976,1.3709983754795736
749,2022-09-07 16:00:00,0.0844845726843477,1.2132178604447204
750,2022-09-08 00:00:00,0.0841493434022091,1.0167533530248904
751,2022-09-08 08:00:00,0.0846357237474351,0.9764608225024011
752,2022-09-08 16:00:00,0.084648033126294,1.1393052168828484
753,2022-09-09 00:00:00,0.0826499646115511,1.1532445125546358
754,2022-09-09 08:00:00,0.0808613295210864,0.8409050109638113
755,2022-09-09 16:00:00,0.0804337852514887,0.5072935858687533
756,2022-09-10 00:00:00,0.0804011127401225,0.0954718617785641
757,2022-09-10 08:00:00,0.0808783118162492,-0.3214735799516499
758,2022-09-10 16:00:00,0.0819533624663938,-0.49793406647777966
759,2022-09-11 00:00:00,0.0815269499870432,-0.5348267041743704
760,2022-09-11 08:00:00,0.0817258906704865,-0.5112285804908778
761,2022-09-11 16:00:00,0.0809277689191913,-0.5459576651392172
762,2022-09-12 00:00:00,0.0792582077108542,-0.6683599854917498
763,2022-09-12 08:00:00,0.0771659062235747,-0.9204404130384602
764,2022-09-12 16:00:00,0.076631499993303,-1.0834467513070574
765,2022-09-13 00:00:00,0.0770502330677827,-1.2661201098482384
766,2022-09-13 08:00:00,0.0765060501192744,-1.393130246148936
767,2022-09-13 16:00:00,0.0780316248636859,-1.3921974817867586
768,2022-09-14 00:00:00,0.079606874753062,-1.1670772339256847
769,2022-09-14 08:00:00,0.0790636817350534,-0.9301806900640391
770,2022-09-14 16:00:00,0.0809802060469438,-0.5925488328671052
771,2022-09-15 00:00:00,0.0811397517372453,-0.1426253840349266
772,2022-09-15 08:00:00,0.0756345434833271,-0.1608603100000076
773,2022-09-15 16:00:00,0.074755591200268,-0.40898676900652425
774,2022-09-16 00:00:00,0.074542424227073,-0.6186526108510461
775,2022-09-16 08:00:00,0.0738663411657003,-0.9817918175393809
776,2022-09-16 16:00:00,0.072419835378478,-1.340177515875214
777,2022-09-17 00:00:00,0.0721781020720793,-1.3296575721599917
778,2022-09-17 08:00:00,0.0723391358797745,-1.3066782432067618
779,2022-09-17 16:00:00,0.0730187694220012,-1.2812948740827204
780,2022-09-18 00:00:00,0.0724879571543977,-1.2529632047376804
781,2022-09-18 08:00:00,0.0715355616228191,-1.1638579617930533
782,2022-09-18 16:00:00,0.0687374780463434,-1.1144487576664341
783,2022-09-19 00:00:00,0.0705089261058137,-1.0793669385156592
784,2022-09-19 08:00:00,0.0703093799298745,-1.1021335216701689
785,2022-09-19 16:00:00,0.0704409566517189,-1.1002952835865574
786,2022-09-20 00:00:00,0.0700989996639698,-1.0672559377727107
787,2022-09-20 08:00:00,0.0715897926402628,-0.8507720166955048
788,2022-09-20 16:00:00,0.0701159352712397,-0.7831274325483846
789,2022-09-21 00:00:00,0.07030911077217,-0.7026515944042099
790,2022-09-21 08:00:00,0.0699883786981015,-0.6767644133825789
791,2022-09-21 16:00:00,0.067497751628038,-0.8256244241526774
792,2022-09-22 00:00:00,0.067537713383565,-1.0379515035674474
793,2022-09-22 08:00:00,0.0669471799462846,-1.138316287309224
794,2022-09-22 16:00:00,0.0683653588437828,-1.2529611182432783
795,2022-09-23 00:00:00,0.06928206915566,-1.309041938247832
796,2022-09-23 08:00:00,0.069144957579125,-1.0687575264813434
797,2022-09-23 16:00:00,0.068790307529602,-0.8508325416281934
798,2022-09-24 00:00:00,0.0696184805555116,-0.48349119079499403
799,2022-09-24 08:00:00,0.0700784436774396,-0.2016399042119922
800,2022-09-24 16:00:00,0.0696072006173165,-0.06156419247284096
801,2022-09-25 00:00:00,0.0697977158596421,0.12012603750935376
802,2022-09-25 08:00:00,0.0690207002596089,0.14841219987281318
803,2022-09-25 16:00:00,0.0688382528070772,0.08737533553624618
804,2022-09-26 00:00:00,0.0684988367174281,-0.11115544755302602
805,2022-09-26 08:00:00,0.0693301382835676,-0.11440336072799139
806,2022-09-26 16:00:00,0.069483160325352,-0.1459306789110847
807,2022-09-27 00:00:00,0.0684893562197732,-0.11709002802592222
808,2022-09-27 08:00:00,0.0686208560827727,-0.08646547355732995
809,2022-09-27 16:00:00,0.069604549385466,0.20823499704480908
810,2022-09-28 00:00:00,0.0684294018695568,0.09241008217074899
811,2022-09-28 08:00:00,0.0683563464330978,-0.2483806437797704
812,2022-09-28 16:00:00,0.0688723028345669,-0.25854461878486107
813,2022-09-29 00:00:00,0.0682781203838565,-0.5764440082512361
814,2022-09-29 08:00:00,0.0688064785388033,-0.9396448815574606
815,2022-09-29 16:00:00,0.0681804723155304,-0.8789597052621533
816,2022-09-30 00:00:00,0.0684686295951843,-0.7643331792792616
817,2022-09-30 08:00:00,0.0684131380282831,-0.8736710575035596
818,2022-09-30 16:00:00,0.0684049016579137,-0.740702999716236
819,2022-10-01 00:00:00,0.0688271269296296,-0.7174759120156878
820,2022-10-01 08:00:00,0.0684160976619077,-0.5346879489615439
821,2022-10-01 16:00:00,0.0679227403360691,-0.6101719456490371
822,2022-10-02 00:00:00,0.0679883424256881,-0.6619590452394136
823,2022-10-02 08:00:00,0.0675731299623903,-0.7979775059352248
824,2022-10-02 16:00:00,0.066991834935561,-1.1323644823997456
825,2022-10-03 00:00:00,0.0673049674945824,-1.2918472182128662
826,2022-10-03 08:00:00,0.0682081492898594,-1.2081765220873697
827,2022-10-03 16:00:00,0.06740962259537,-1.2464949207037994
828,2022-10-04 00:00:00,0.0676354492265769,-1.1287908916901015
829,2022-10-04 08:00:00,0.0673805839060097,-0.9259352136867335
830,2022-10-04 16:00:00,0.0669383902100859,-0.8446377798646951
831,2022-10-05 00:00:00,0.0669058167362196,-1.0808681253986132
832,2022-10-05 08:00:00,0.0665154999999999,-1.1127804217577812
833,2022-10-05 16:00:00,0.0670918038316913,-1.1677957203447582
834,2022-10-06 00:00:00,0.0676785361028684,-1.0686680962262454
835,2022-10-06 08:00:00,0.0680193077395853,-0.7255744917795581
836,2022-10-06 16:00:00,0.0677453131732147,-0.42241973608529787
837,2022-10-07 00:00:00,0.0680512689259922,0.11251293213366698
838,2022-10-07 08:00:00,0.0681467329393074,0.5019918677226182
839,2022-10-07 16:00:00,0.068147958530654,0.8005165685948837
840,2022-10-08 00:00:00,0.0682241025641025,0.9221428989208453
841,2022-10-08 08:00:00,0.067965105837075,1.0013858273554397
842,2022-10-08 16:00:00,0.0677519212147434,0.9196040089521578
843,2022-10-09 00:00:00,0.0677532871687069,0.743312280590828
844,2022-10-09 08:00:00,0.0678992061176542,0.5734920199318678
845,2022-10-09 16:00:00,0.0680544983232867,0.4257247694060274
846,2022-10-10 00:00:00,0.0678317895669555,0.4221999106704501
847,2022-10-10 08:00:00,0.0678888704387894,0.43036805658244653
848,2022-10-10 16:00:00,0.0674363906253266,0.3157449296843008
849,2022-10-11 00:00:00,0.0672863213157357,0.06851582470388733
850,2022-10-11 08:00:00,0.067565859569223,-0.21330552490529553
851,2022-10-11 16:00:00,0.067169613346624,-0.5626883018675466
852,2022-10-12 00:00:00,0.0677027246231208,-1.0409540613453498
853,2022-10-12 08:00:00,0.0678774452432703,-1.0208279215379616
854,2022-10-12 16:00:00,0.0675644070893477,-0.7936049622419036
855,2022-10-13 00:00:00,0.0672044029128257,-0.832149980379953
856,2022-10-13 08:00:00,0.066313051918593,-0.7982564980439597
857,2022-10-13 16:00:00,0.0664232295758001,-1.0206738917653684
858,2022-10-14 00:00:00,0.067285817574517,-1.1899981504724446
859,2022-10-14 08:00:00,0.0676736161332314,-1.1402782275050578
860,2022-10-14 16:00:00,0.0675978265404029,-0.9691744263258565
861,2022-10-15 00:00:00,0.0675630278402303,-0.4023351471461374
862,2022-10-15 08:00:00,0.0672406762648599,0.012285369477215275
863,2022-10-15 16:00:00,0.0668533668974197,-0.0764867336000466
864,2022-10-16 00:00:00,0.0670615841294395,-0.25208259794574306
865,2022-10-16 08:00:00,0.0671514328965913,-0.3683796938270991
866,2022-10-16 16:00:00,0.0677816426123974,-0.2640508435663892
867,2022-10-17 00:00:00,0.0680061567483247,0.07451560339490222
868,2022-10-17 08:00:00,0.0680314355928732,0.5103427337219624
869,2022-10-17 16:00:00,0.0681080527985265,0.8211820969250286
870,2022-10-18 00:00:00,0.0679803105962756,1.080420181871546
871,2022-10-18 08:00:00,0.0675019354838709,0.9448930068372015
872,2022-10-18 16:00:00,0.0678190594943061,0.8533819686711118
873,2022-10-19 00:00:00,0.0676391924237693,0.7343116923765843
874,2022-10-19 08:00:00,0.0677153993470938,0.5599031812626243
875,2022-10-19 16:00:00,0.0672052456547656,0.2538130896356679
876,2022-10-20 00:00:00,0.0675051710089213,0.16171489104456763
877,2022-10-20 08:00:00,0.0675088564987481,-0.1346855536600618
878,2022-10-20 16:00:00,0.0673598420400361,-0.3088437337418314
879,2022-10-21 00:00:00,0.067515936956396,-0.4027985049470578
880,2022-10-21 08:00:00,0.0676980230307267,-0.1298306173236169
881,2022-10-21 16:00:00,0.067824171924496,0.017136571935017143
882,2022-10-22 00:00:00,0.067813458849068,0.11119728687722281
883,2022-10-22 08:00:00,0.0684314785737311,0.5050193815933844
884,2022-10-22 16:00:00,0.0684061427582005,0.8187654931171208
885,2022-10-23 00:00:00,0.0683416744511301,1.0360476598391362
886,2022-10-23 08:00:00,0.0684492452309119,1.203753988918743
887,2022-10-23 16:00:00,0.0697044800678627,1.3260998284084309
888,2022-10-24 00:00:00,0.0691803685934758,1.332726731701733
889,2022-10-24 08:00:00,0.0695078485209552,1.381172059416903
890,2022-10-24 16:00:00,0.0695099489875107,1.4580406158753327
891,2022-10-25 00:00:00,0.0697739586246905,1.523096586172405
892,2022-10-25 08:00:00,0.0713231012289665,1.327616767897362
893,2022-10-25 16:00:00,0.0726924551888319,1.3236102898422037
894,2022-10-26 00:00:00,0.0744921181854376,1.3331226121437876
895,2022-10-26 08:00:00,0.0751946388567755,1.4236707929355503
896,2022-10-26 16:00:00,0.0754058738565238,1.5334555890073065
897,2022-10-27 00:00:00,0.0751537741041511,1.5622431212122827
898,2022-10-27 08:00:00,0.0750942203418678,1.530495626946365
899,2022-10-27 16:00:00,0.0746096194497962,1.3990122865520005
900,2022-10-28 00:00:00,0.0743809225038964,1.234807349292355
901,2022-10-28 08:00:00,0.0750861606053209,1.0904730123961013
902,2022-10-28 16:00:00,0.0754967144723486,0.99169136552215
903,2022-10-29 00:00:00,0.0767685471797118,0.9458729243386649
904,2022-10-29 08:00:00,0.0780213162548391,0.9833851099889637
905,2022-10-29 16:00:00,0.0778289805626967,1.056362283696632
906,2022-10-30 00:00:00,0.0781154227996719,1.116811221021854
907,2022-10-30 08:00:00,0.0767489771639149,1.1208686733815343
908,2022-10-30 16:00:00,0.0771128962665257,1.077888353343815
909,2022-10-31 00:00:00,0.0774329500051099,0.9652488354716412
910,2022-10-31 08:00:00,0.0769282420000686,0.8582017529291464
911,2022-10-31 16:00:00,0.0767499512004684,0.7129547329458299
912,2022-11-01 00:00:00,0.0772349277395614,0.7274180209394426
913,2022-11-01 08:00:00,0.0770041915494059,0.6628193744748989
914,2022-11-01 16:00:00,0.0770722561556151,0.5263081746772097
915,2022-11-02 00:00:00,0.0766122359047176,0.4250153632586058
916,2022-11-02 08:00:00,0.0763667721736062,0.3244617295666311
917,2022-11-02 16:00:00,0.0753550551315515,-0.016892148781760787
918,2022-11-03 00:00:00,0.0760543540896084,-0.23873672477549954
919,2022-11-03 08:00:00,0.0761865721030848,-0.5233775332340732
920,2022-11-03 16:00:00,0.0757589553014295,-0.8810887889123691
921,2022-11-04 00:00:00,0.0770180579679206,-0.937059825117935
922,2022-11-04 08:00:00,0.0779830118053556,-0.4249931066910558
923,2022-11-04 16:00:00,0.0777960650775633,-0.026617072144208123
924,2022-11-05 00:00:00,0.0772248615891067,0.30934641890893433
925,2022-11-05 08:00:00,0.0768078653057008,0.6942470756972011
926,2022-11-05 16:00:00,0.0763994403177793,0.6963009271326407
927,2022-11-06 00:00:00,0.0765651542033143,0.27079760355396837
928,2022-11-06 08:00:00,0.07645571646485,-0.09229541619566549
929,2022-11-06 16:00:00,0.075012556384144,-0.519791696905774
930,2022-11-07 00:00:00,0.0751281951862586,-0.7819781394160776
931,2022-11-07 08:00:00,0.0766764424026158,-0.7090616748723536
932,2022-11-07 16:00:00,0.0761572871082271,-0.7562609503047909
933,2022-11-08 00:00:00,0.0753754148125325,-0.8965664581097984
934,2022-11-08 08:00:00,0.0748946066253118,-0.7465050072645952
935,2022-11-08 16:00:00,0.0719420543011796,-0.8092664116420869
936,2022-11-09 00:00:00,0.0698632465510056,-1.1021695016888542
937,2022-11-09 08:00:00,0.0679192843963846,-1.3044304778651963
938,2022-11-09 16:00:00,0.0692707711825552,-1.4600189074963053
939,2022-11-10 00:00:00,0.0710427221894003,-1.5733820788475814
940,2022-11-10 08:00:00,0.0753139314934251,-1.3456732222079306
941,2022-11-10 16:00:00,0.0738271198186786,-1.04480851527008
942,2022-11-11 00:00:00,0.0734489276501376,-0.6179584811458361
943,2022-11-11 08:00:00,0.0746902130433494,-0.19435280715903208
944,2022-11-11 16:00:00,0.0755062104523084,0.16473989428572341
945,2022-11-12 00:00:00,0.0752833968387952,0.19517113571915312
946,2022-11-12 08:00:00,0.0752930616005149,0.33308236863833396
947,2022-11-12 16:00:00,0.0747667108761203,0.4817565291647139
948,2022-11-13 00:00:00,0.0745604729608925,0.5228748966880514
949,2022-11-13 08:00:00,0.0742931940330918,0.44110970457001675
950,2022-11-13 16:00:00,0.0747955435847208,0.4094058964529725
951,2022-11-14 00:00:00,0.0748873565951376,0.4272145764328041
952,2022-11-14 08:00:00,0.0750373502975975,0.4843548357622689
953,2022-11-14 16:00:00,0.0747914936635736,0.5216889060032787
954,2022-11-15 00:00:00,0.0751843233167511,0.5909691778200841
955,2022-11-15 08:00:00,0.0744373340554924,0.5111073503025098
956,2022-11-15 16:00:00,0.0741646841600681,0.3841979493997308
957,2022-11-16 00:00:00,0.0740424393723252,0.19224027338235844
958,2022-11-16 08:00:00,0.0725881744316971,-0.29596545674336594
959,2022-11-16 16:00:00,0.0730065069150979,-1.0707705420389722
960,2022-11-17 00:00:00,0.0725310128869083,-1.238450794756883
961,2022-11-17 08:00:00,0.0721019793719695,-1.402594143850502
962,2022-11-17 16:00:00,0.0719396133239041,-1.5666499287734428
963,2022-11-18 00:00:00,0.0725184959604464,-1.4154247801355357
964,2022-11-18 08:00:00,0.0725531545240505,-1.3696584120667188
965,2022-11-18 16:00:00,0.0726160607893271,-1.2516348796720043
966,2022-11-19 00:00:00,0.0726879570177446,-1.0666950953961385
967,2022-11-19 08:00:00,0.072630871032437,-0.8568161301597178
968,2022-11-19 16:00:00,0.0729111528927104,-0.72455216090185
969,2022-11-20 00:00:00,0.0729657160284892,-0.5967089716195999
970,2022-11-20 08:00:00,0.0710080156331988,-0.67159389917336
971,2022-11-20 16:00:00,0.0701613893733572,-0.8180584256168538
972,2022-11-21 00:00:00,0.0700426492411677,-0.9759368954408196
973,2022-11-21 08:00:00,0.0700805216863063,-1.1891649916211717
974,2022-11-21 16:00:00,0.0701787185499714,-1.4703013443494581
975,2022-11-22 00:00:00,0.0693670147303246,-1.4764022098388052
976,2022-11-22 08:00:00,0.0699019143027787,-1.3817694797227194
977,2022-11-22 16:00:00,0.0702215400547377,-1.2769706644499104
978,2022-11-23 00:00:00,0.0703587776591702,-1.1419731453865727
979,2022-11-23 08:00:00,0.0706789071251156,-1.0059121920442364
980,2022-11-23 16:00:00,0.0713473605607679,-0.6601452475263786
981,2022-11-24 00:00:00,0.0726095066185318,-0.23621585541080423
982,2022-11-24 08:00:00,0.0721714606646576,0.06564543371497343
983,2022-11-24 16:00:00,0.0725210519341276,0.409011946845653
984,2022-11-25 00:00:00,0.0720118832091955,0.6534459054636471
985,2022-11-25 08:00:00,0.0720617982291452,0.8072919653607801
986,2022-11-25 16:00:00,0.0725785265043977,0.8109599478877015
987,2022-11-26 00:00:00,0.0735120860038709,0.945104673314358
988,2022-11-26 08:00:00,0.0733496051165269,1.0321750002283478
989,2022-11-26 16:00:00,0.0732347293454218,1.1922488910319229
990,2022-11-27 00:00:00,0.0734817337124848,1.2405232221757863
991,2022-11-27 08:00:00,0.0734996681349182,1.2253780609621074
992,2022-11-27 16:00:00,0.0726443972468522,1.0402634635732775
993,2022-11-28 00:00:00,0.0723556344320583,0.8498185342744045
994,2022-11-28 08:00:00,0.0720678142479295,0.6350134883904444
995,2022-11-28 16:00:00,0.072018379745274,0.34532862434772915
996,2022-11-29 00:00:00,0.0733170127203586,0.17592683292707612
997,2022-11-29 08:00:00,0.0737327273281883,0.23555429969070543
998,2022-11-29 16:00:00,0.0739950849189741,0.429927405047443
999,2022-11-30 00:00:00,0.0753728249410705,0.8598241687429967
1000,2022-11-30 08:00:00,0.0751610110187282,1.2582707562209505
1001,2022-11-30 16:00:00,0.0754275060448043,1.3729208282971883
1002,2022-12-01 00:00:00,0.074924563346282,1.4219476294588242
1003,2022-12-01 08:00:00,0.0748908798529749,1.43650412850657
1004,2022-12-01 16:00:00,0.0751777394254613,1.2619113839848914
1005,2022-12-02 00:00:00,0.0752483248395621,1.14980389865775
1006,2022-12-02 08:00:00,0.0755119514384241,1.0180402262266781
1007,2022-12-02 16:00:00,0.0758023564650683,1.014069555291893
1008,2022-12-03 00:00:00,0.0752262316730237,0.9814674651852918
1009,2022-12-03 08:00:00,0.0749297020072508,0.8806943183743171
1010,2022-12-03 16:00:00,0.0734777999538054,0.5984225862937537
1011,2022-12-04 00:00:00,0.0739617600499037,0.3355038821755869
1012,2022-12-04 08:00:00,0.0739797626248685,-0.011710055578833636
1013,2022-12-04 16:00:00,0.0747786188152088,-0.2050349822504054
1014,2022-12-05 00:00:00,0.0749429510621212,-0.3871856057423471
1015,2022-12-05 08:00:00,0.0741245682842592,-0.4637037312574188
1016,2022-12-05 16:00:00,0.0742339135098814,-0.4956877761029701
1017,2022-12-06 00:00:00,0.0741279428803321,-0.5003762182659052
1018,2022-12-06 08:00:00,0.0738702611030632,-0.7621109066124414
1019,2022-12-06 16:00:00,0.0743929631125235,-0.871121502009408
1020,2022-12-07 00:00:00,0.0730355108298188,-0.9153877576825983
1021,2022-12-07 08:00:00,0.0732914384822818,-0.9882128701896723
1022,2022-12-07 16:00:00,0.07313314918768,-1.0612486297297932
1023,2022-12-08 00:00:00,0.0732713469552758,-1.070284163285283
1024,2022-12-08 08:00:00,0.0738839232933721,-1.1406800814080358
1025,2022-12-08 16:00:00,0.0743054023615739,-0.8071371569085077
1026,2022-12-09 00:00:00,0.0745136661553479,-0.4678949623331255
1027,2022-12-09 08:00:00,0.0743728276753433,-0.0371399879993182
1028,2022-12-09 16:00:00,0.0737427819070362,0.25469257564616277
1029,2022-12-10 00:00:00,0.0737245552265255,0.32684928376485095
1030,2022-12-10 08:00:00,0.0742709900823277,0.24297398325941436
1031,2022-12-10 16:00:00,0.0739396203943181,0.02551746164362388
1032,2022-12-11 00:00:00,0.0742927823050058,-0.034744854419006724
1033,2022-12-11 08:00:00,0.0742360471488032,0.21544422815692738
1034,2022-12-11 16:00:00,0.0739184120128977,0.44374167632231604
1035,2022-12-12 00:00:00,0.0736513995662733,0.21750329783972686
1036,2022-12-12 08:00:00,0.0734455303484693,0.08371226286493627
1037,2022-12-12 16:00:00,0.0741334712881531,0.012545757152584576
1038,2022-12-13 00:00:00,0.0737948876316111,-0.17428013484676594
1039,2022-12-13 08:00:00,0.0745708571589532,0.0921251091272435
1040,2022-12-13 16:00:00,0.074289136841158,0.25137733840882737
1041,2022-12-14 00:00:00,0.07428284212418,0.5552902612658599
1042,2022-12-14 08:00:00,0.074083466685862,0.47611101773958325
1043,2022-12-14 16:00:00,0.0734313653903402,0.25984510089976004
1044,2022-12-15 00:00:00,0.07275394268272,-0.49606943176512885
1045,2022-12-15 08:00:00,0.0728810447315875,-0.8604499763099887
1046,2022-12-15 16:00:00,0.0729581667569155,-1.1813493596390943
1047,2022-12-16 00:00:00,0.0730024621114748,-1.4208544809159886
1048,2022-12-16 08:00:00,0.0709386196492551,-1.351132142506171
1049,2022-12-16 16:00:00,0.0701563345559497,-1.2881618059586004
1050,2022-12-17 00:00:00,0.0706769521034594,-1.352268824806281
1051,2022-12-17 08:00:00,0.0706714013677138,-1.4526746531703036
1052,2022-12-17 16:00:00,0.0707553298645257,-1.575190282900634
1053,2022-12-18 00:00:00,0.070855822506687,-1.4345529204600627
1054,2022-12-18 08:00:00,0.0703927021648965,-1.2324030160809805
1055,2022-12-18 16:00:00,0.070668849168419,-1.1123947666269702
1056,2022-12-19 00:00:00,0.070565726380236,-1.0134866076150144
1057,2022-12-19 08:00:00,0.0707789597470466,-0.9226566353916557
1058,2022-12-19 16:00:00,0.0710256441449113,-0.8316662029490329
1059,2022-12-20 00:00:00,0.0719100923000017,-0.5997245742346777
1060,2022-12-20 08:00:00,0.0719686398789111,-0.3689374859668109
1061,2022-12-20 16:00:00,0.0720634112556162,-0.06553301939742377
1062,2022-12-21 00:00:00,0.0720352139904232,0.26537419758863073
1063,2022-12-21 08:00:00,0.0721001833055507,0.58651548440328
1064,2022-12-21 16:00:00,0.0721275912894636,0.6908631271896575
1065,2022-12-22 00:00:00,0.0721298321525367,0.8102359391667763
1066,2022-12-22 08:00:00,0.0713490575110598,0.8159674690526364
1067,2022-12-22 16:00:00,0.0723929444077832,1.0241239411642518
1068,2022-12-23 00:00:00,0.0725325022261798,0.9706867033187938
1069,2022-12-23 08:00:00,0.0724063567503341,0.9217992733651562
1070,2022-12-23 16:00:00,0.0726906505688082,0.9095930661460881
1071,2022-12-24 00:00:00,0.0724180089498735,1.0848996771687738
1072,2022-12-24 08:00:00,0.0724062151053669,0.9982254990109476
1073,2022-12-24 16:00:00,0.0724906599509387,0.8931733077119187
1074,2022-12-25 00:00:00,0.0725167924864768,0.8566959107264742
1075,2022-12-25 08:00:00,0.0721021891726153,0.6401504337690967
1076,2022-12-25 16:00:00,0.0723931847345658,0.5740740458048983
1077,2022-12-26 00:00:00,0.0724707628376372,0.538351027301098
1078,2022-12-26 08:00:00,0.0723109051208672,0.39075061370686853
1079,2022-12-26 16:00:00,0.072585364123721,0.3256229177149709
1080,2022-12-27 00:00:00,0.0724615685600289,0.4928615964991442
1081,2022-12-27 08:00:00,0.0721038345694591,0.2911010696268833
1082,2022-12-27 16:00:00,0.0725102343731296,0.23981887203555471
1083,2022-12-28 00:00:00,0.0717794507296967,-0.06698076623080487
1084,2022-12-28 08:00:00,0.0717444806369887,-0.5092557928294608
1085,2022-12-28 16:00:00,0.0719127875707785,-0.7848966960004852
1086,2022-12-29 00:00:00,0.0721714865550482,-1.115635466300579
1087,2022-12-29 08:00:00,0.0722916729362905,-1.2635128434788878
1088,2022-12-29 16:00:00,0.0721699984372934,-0.9118206001221446
1089,2022-12-30 00:00:00,0.0721472109570412,-0.5532190514760448
1090,2022-12-30 08:00:00,0.0722084922020871,-0.25328461886719267
1091,2022-12-30 16:00:00,0.0722673588735176,-0.14585078838823815
1092,2022-12-31 00:00:00,0.0722651486798102,-0.14017883940518322
1093,2022-12-31 08:00:00,0.0725156103088309,0.14268346837521148
1094,2022-12-31 16:00:00,0.0723222490931076,0.3394235364311418
