timestamp,close
2023-10-21 05:00:00,0.05408241929157819
2023-10-21 06:00:00,0.05400370370370371
2023-10-21 07:00:00,0.054104648500114504
2023-10-21 08:00:00,0.05414430209035739
2023-10-21 09:00:00,0.05385208296330057
2023-10-21 10:00:00,0.053900590118124383
2023-10-21 11:00:00,0.053972956650114076
2023-10-21 12:00:00,0.05391923032994497
2023-10-21 13:00:00,0.05417101864943561
2023-10-21 14:00:00,0.054283199817964006
2023-10-21 15:00:00,0.05440479928384851
2023-10-21 16:00:00,0.054287914810970096
2023-10-21 17:00:00,0.05436240720223444
2023-10-21 18:00:00,0.05411745233050847
2023-10-21 19:00:00,0.0542358826026961
2023-10-21 20:00:00,0.054312800946366986
2023-10-21 21:00:00,0.0543212676474414
2023-10-21 22:00:00,0.05435518928938139
2023-10-21 23:00:00,0.05446760845941653
2023-10-22 00:00:00,0.05450122628760198
2023-10-22 01:00:00,0.054491055976158186
2023-10-22 02:00:00,0.05443550412359743
2023-10-22 03:00:00,0.054494261790749315
2023-10-22 04:00:00,0.05455419530809215
2023-10-22 05:00:00,0.054522422008600226
2023-10-22 06:00:00,0.0546926900633406
2023-10-22 07:00:00,0.05468184013523303
2023-10-22 08:00:00,0.054578696876256876
2023-10-22 09:00:00,0.05455159997055063
2023-10-22 10:00:00,0.05460325848822469
2023-10-22 11:00:00,0.05445247274149812
2023-10-22 12:00:00,0.05458258487290389
2023-10-22 13:00:00,0.05463482723960716
2023-10-22 14:00:00,0.05451809850244683
2023-10-22 15:00:00,0.0545041556447368
2023-10-22 16:00:00,0.05461287352473425
2023-10-22 17:00:00,0.05468623065582156
2023-10-22 18:00:00,0.054686945755111606
2023-10-22 19:00:00,0.054790021848987305
2023-10-22 20:00:00,0.05494947328919506
2023-10-22 21:00:00,0.054994605241486874
2023-10-22 22:00:00,0.05548786374637544
2023-10-22 23:00:00,0.055479417796228676
2023-10-23 00:00:00,0.05555603514107561
2023-10-23 01:00:00,0.05524815073640906
2023-10-23 02:00:00,0.05530518255648206
2023-10-23 03:00:00,0.055120868968344075
2023-10-23 04:00:00,0.05528506468512079
2023-10-23 05:00:00,0.05499410432901417
2023-10-23 06:00:00,0.054860997893611055
2023-10-23 07:00:00,0.05493262886716203
2023-10-23 08:00:00,0.05483319159750936
2023-10-23 09:00:00,0.0548238605977289
2023-10-23 10:00:00,0.054746305193020116
2023-10-23 11:00:00,0.05470435105987356
2023-10-23 12:00:00,0.054690465785233934
2023-10-23 13:00:00,0.05457744178144847
2023-10-23 14:00:00,0.05454799506076558
2023-10-23 15:00:00,0.05429885355269124
2023-10-23 16:00:00,0.05414166781450505
2023-10-23 17:00:00,0.05443942279755948
2023-10-23 18:00:00,0.05456137424949967
2023-10-23 19:00:00,0.05449390543376345
2023-10-23 20:00:00,0.0542099016938611
2023-10-23 21:00:00,0.05427437021676113
2023-10-23 22:00:00,0.05356274793400829
2023-10-23 23:00:00,0.05338761909657443
2023-10-24 00:00:00,0.05301079728024298
2023-10-24 01:00:00,0.05217325165721774
2023-10-24 02:00:00,0.05302398843930636
2023-10-24 03:00:00,0.053117777484104955
2023-10-24 04:00:00,0.052968964985615506
2023-10-24 05:00:00,0.053506515724457714
2023-10-24 06:00:00,0.05333666862860507
2023-10-24 07:00:00,0.05319865913902611
2023-10-24 08:00:00,0.05329492236725651
2023-10-24 09:00:00,0.05317330429009075
2023-10-24 10:00:00,0.05310968813134245
2023-10-24 11:00:00,0.05341157742402315
2023-10-24 12:00:00,0.053239238683484576
2023-10-24 13:00:00,0.05314353086032558
2023-10-24 14:00:00,0.05292841396576812
2023-10-24 15:00:00,0.05282840103120954
2023-10-24 16:00:00,0.05253263953752184
2023-10-24 17:00:00,0.0525780091571785
2023-10-24 18:00:00,0.05248893233588994
2023-10-24 19:00:00,0.052592011834319524
2023-10-24 20:00:00,0.05263123499916826
2023-10-24 21:00:00,0.052372580389950595
2023-10-24 22:00:00,0.05251132195331871
2023-10-24 23:00:00,0.05260824711881392
2023-10-25 00:00:00,0.052684781682422056
2023-10-25 01:00:00,0.05265244776101946
2023-10-25 02:00:00,0.05272815491156102
2023-10-25 03:00:00,0.052599921762634894
2023-10-25 04:00:00,0.05249689259340499
2023-10-25 05:00:00,0.052426108229537895
2023-10-25 06:00:00,0.052407509436616415
2023-10-25 07:00:00,0.05225908774085319
2023-10-25 08:00:00,0.05221484496968912
2023-10-25 09:00:00,0.05213296545091497
2023-10-25 10:00:00,0.05205079009079254
2023-10-25 11:00:00,0.052204375122449034
2023-10-25 12:00:00,0.052027633127133356
2023-10-25 13:00:00,0.05200263286852186
2023-10-25 14:00:00,0.051967310695050305
2023-10-25 15:00:00,0.05185392484414287
2023-10-25 16:00:00,0.051722237531000276
2023-10-25 17:00:00,0.05166929206552534
2023-10-25 18:00:00,0.051666940763373755
2023-10-25 19:00:00,0.0515353724361281
2023-10-25 20:00:00,0.05154594569647601
2023-10-25 21:00:00,0.05176572045388116
2023-10-25 22:00:00,0.0517969271491029
2023-10-25 23:00:00,0.05180176262538412
2023-10-26 00:00:00,0.05171266669359539
2023-10-26 01:00:00,0.05167965213178853
2023-10-26 02:00:00,0.05165099226448107
2023-10-26 03:00:00,0.05219718002218735
2023-10-26 04:00:00,0.05211591496572174
2023-10-26 05:00:00,0.05210821646769816
2023-10-26 06:00:00,0.0523790539252223
2023-10-26 07:00:00,0.053378811226344865
2023-10-26 08:00:00,0.053443345800511625
2023-10-26 09:00:00,0.053455948134636166
2023-10-26 10:00:00,0.05343041835081933
2023-10-26 11:00:00,0.053164367610438294
2023-10-26 12:00:00,0.05319676367278175
2023-10-26 13:00:00,0.05288173685550493
2023-10-26 14:00:00,0.05231918595301101
2023-10-26 15:00:00,0.05222455542665825
2023-10-26 16:00:00,0.05223697650663943
2023-10-26 17:00:00,0.05254851007913639
2023-10-26 18:00:00,0.052482991595847364
2023-10-26 19:00:00,0.05265112234616028
2023-10-26 20:00:00,0.052600266754024703
2023-10-26 21:00:00,0.05275499616018197
2023-10-26 22:00:00,0.05279705775814725
2023-10-26 23:00:00,0.052807557490870856
2023-10-27 00:00:00,0.05278716961161909
2023-10-27 01:00:00,0.05251166239759396
2023-10-27 02:00:00,0.05250841908874365
2023-10-27 03:00:00,0.05249667325177182
2023-10-27 04:00:00,0.05266693064660419
2023-10-27 05:00:00,0.052625186654188826
2023-10-27 06:00:00,0.052446198242826425
2023-10-27 07:00:00,0.052342557842207274
2023-10-27 08:00:00,0.052403600706527165
2023-10-27 09:00:00,0.052385050657627046
2023-10-27 10:00:00,0.05237291568217106
2023-10-27 11:00:00,0.05232621671797523
2023-10-27 12:00:00,0.05252860120120648
2023-10-27 13:00:00,0.0524628082719205
2023-10-27 14:00:00,0.05233422916599062
2023-10-27 15:00:00,0.05245203750503823
2023-10-27 16:00:00,0.05228715332518496
2023-10-27 17:00:00,0.052428684096962844
2023-10-27 18:00:00,0.05254666630946959
2023-10-27 19:00:00,0.05265893345839443
2023-10-27 20:00:00,0.05265174245537074
2023-10-27 21:00:00,0.052608919200037824
2023-10-27 22:00:00,0.05256573712250519
2023-10-27 23:00:00,0.0525149522148752
2023-10-28 00:00:00,0.05251567594682719
2023-10-28 01:00:00,0.05259127101150103
2023-10-28 02:00:00,0.052556039868824754
2023-10-28 03:00:00,0.05254472647419751
2023-10-28 04:00:00,0.05251946512705873
2023-10-28 05:00:00,0.0524335186353169
2023-10-28 06:00:00,0.05244563860870076
2023-10-28 07:00:00,0.05251293259189411
2023-10-28 08:00:00,0.05246735419379818
2023-10-28 09:00:00,0.05248533851240542
2023-10-28 10:00:00,0.05251092407401976
2023-10-28 11:00:00,0.052310447341932166
2023-10-28 12:00:00,0.05232943624468779
2023-10-28 13:00:00,0.05238759353776377
2023-10-28 14:00:00,0.052395756649665504
2023-10-28 15:00:00,0.05236900364687063
2023-10-28 16:00:00,0.05235886919584005
2023-10-28 17:00:00,0.052300359174776906
2023-10-28 18:00:00,0.05221570205604741
2023-10-28 19:00:00,0.052087742646584625
2023-10-28 20:00:00,0.05212746318950993
2023-10-28 21:00:00,0.052146546630866514
2023-10-28 22:00:00,0.05209919914606861
2023-10-28 23:00:00,0.05211377939472179
2023-10-29 00:00:00,0.0521780347499413
2023-10-29 01:00:00,0.05215490116508166
2023-10-29 02:00:00,0.05223440704760897
2023-10-29 03:00:00,0.05224166605342556
2023-10-29 04:00:00,0.05224332968803283
2023-10-29 05:00:00,0.052209661446778
2023-10-29 06:00:00,0.052231173647213455
2023-10-29 07:00:00,0.05233036547502363
2023-10-29 08:00:00,0.05223436035357296
2023-10-29 09:00:00,0.052275968901619216
2023-10-29 10:00:00,0.052211855875260456
2023-10-29 11:00:00,0.05221920911211203
2023-10-29 12:00:00,0.05224628524118698
2023-10-29 13:00:00,0.052143775488239785
2023-10-29 14:00:00,0.05206084510310025
2023-10-29 15:00:00,0.05203066980603467
2023-10-29 16:00:00,0.0520164561194377
2023-10-29 17:00:00,0.051900580142069705
2023-10-29 18:00:00,0.05177724537777817
2023-10-29 19:00:00,0.051875018081874724
2023-10-29 20:00:00,0.05197724097434547
2023-10-29 21:00:00,0.05204434842201856
2023-10-29 22:00:00,0.052029729792041325
2023-10-29 23:00:00,0.051990093704288386
2023-10-30 00:00:00,0.05204679211115883
2023-10-30 01:00:00,0.05207650654209952
2023-10-30 02:00:00,0.051986644018215886
2023-10-30 03:00:00,0.052025702079977594
2023-10-30 04:00:00,0.0520484350410911
2023-10-30 05:00:00,0.052024012520146684
2023-10-30 06:00:00,0.05209644736650291
2023-10-30 07:00:00,0.0522670316141616
2023-10-30 08:00:00,0.05290487325352784
2023-10-30 09:00:00,0.05261181171905541
2023-10-30 10:00:00,0.052518493854683906
2023-10-30 11:00:00,0.05244941950173659
2023-10-30 12:00:00,0.05231509320505111
2023-10-30 13:00:00,0.052478209814743756
2023-10-30 14:00:00,0.05254898901467214
2023-10-30 15:00:00,0.05249288016458579
2023-10-30 16:00:00,0.052608501352276814
2023-10-30 17:00:00,0.05237701095826533
2023-10-30 18:00:00,0.05243455299007293
2023-10-30 19:00:00,0.05231918866877902
2023-10-30 20:00:00,0.052310428089505666
2023-10-30 21:00:00,0.05246940394896121
2023-10-30 22:00:00,0.05249244230914292
2023-10-30 23:00:00,0.05247770026252049
2023-10-31 00:00:00,0.05251852130855906
2023-10-31 01:00:00,0.052568784435761524
2023-10-31 02:00:00,0.05250235054739374
2023-10-31 03:00:00,0.052478153714818634
2023-10-31 04:00:00,0.05257756354075373
2023-10-31 05:00:00,0.05255490850527495
2023-10-31 06:00:00,0.05241966332325931
2023-10-31 07:00:00,0.05243736363503244
2023-10-31 08:00:00,0.05235899925295692
2023-10-31 09:00:00,0.05237783918386085
2023-10-31 10:00:00,0.05232107334214233
2023-10-31 11:00:00,0.05247065714086892
2023-10-31 12:00:00,0.05244540338805143
2023-10-31 13:00:00,0.05241746420574462
2023-10-31 14:00:00,0.05243216147768636
2023-10-31 15:00:00,0.05227547897526862
2023-10-31 16:00:00,0.05238363565069637
2023-10-31 17:00:00,0.05240732391908204
2023-10-31 18:00:00,0.05245988653370924
2023-10-31 19:00:00,0.05244070142119723
2023-10-31 20:00:00,0.05237575474068106
2023-10-31 21:00:00,0.052392444423817706
2023-10-31 22:00:00,0.05235691940837547
2023-10-31 23:00:00,0.0523939433305908
2023-11-01 00:00:00,0.05268090803968109
2023-11-01 01:00:00,0.05255808829072269
2023-11-01 02:00:00,0.05255029329896757
2023-11-01 03:00:00,0.05258039867399206
2023-11-01 04:00:00,0.0525167259042442
2023-11-01 05:00:00,0.05240859676602285
2023-11-01 06:00:00,0.05243046068885336
2023-11-01 07:00:00,0.05237116514549804
2023-11-01 08:00:00,0.05241377908513054
2023-11-01 09:00:00,0.05235993120190732
2023-11-01 10:00:00,0.0522286286123216
2023-11-01 11:00:00,0.052281290944851004
2023-11-01 12:00:00,0.05218533604302547
2023-11-01 13:00:00,0.05207884672642707
2023-11-01 14:00:00,0.052253997045185255
2023-11-01 15:00:00,0.052257240576971856
2023-11-01 16:00:00,0.05216251904520061
2023-11-01 17:00:00,0.05236716907439922
2023-11-01 18:00:00,0.05264559828553084
2023-11-01 19:00:00,0.05312358028942563
2023-11-01 20:00:00,0.052397316407331834
2023-11-01 21:00:00,0.052094750616851274
2023-11-01 22:00:00,0.052241365139736366
2023-11-01 23:00:00,0.05213442607215352
2023-11-02 00:00:00,0.05215714834134995
2023-11-02 01:00:00,0.05217876686519653
2023-11-02 02:00:00,0.05228730322464906
2023-11-02 03:00:00,0.05223711916964433
2023-11-02 04:00:00,0.052179956747673145
2023-11-02 05:00:00,0.052139260791489554
2023-11-02 06:00:00,0.052091163012501
2023-11-02 07:00:00,0.052011768740841104
2023-11-02 08:00:00,0.05188086797965955
2023-11-02 09:00:00,0.05185540138639165
2023-11-02 10:00:00,0.05186883651497331
2023-11-02 11:00:00,0.051905962706229575
2023-11-02 12:00:00,0.05191867586612692
2023-11-02 13:00:00,0.05221550336992436
2023-11-02 14:00:00,0.05198950840701884
2023-11-02 15:00:00,0.05206268006951621
2023-11-02 16:00:00,0.05197613398223038
2023-11-02 17:00:00,0.0519050248481502
2023-11-02 18:00:00,0.05184733446597483
2023-11-02 19:00:00,0.051778545447272256
2023-11-02 20:00:00,0.05169844080383697
2023-11-02 21:00:00,0.05163187752542246
2023-11-02 22:00:00,0.051626783943431204
2023-11-02 23:00:00,0.051538961354938614
2023-11-03 00:00:00,0.051776690927634324
2023-11-03 01:00:00,0.051726570042723435
2023-11-03 02:00:00,0.051835134916881055
2023-11-03 03:00:00,0.051852791439163756
2023-11-03 04:00:00,0.05207196051415317
2023-11-03 05:00:00,0.05207165005312665
2023-11-03 06:00:00,0.052127681191814976
2023-11-03 07:00:00,0.052170948800074265
2023-11-03 08:00:00,0.05218112422735512
2023-11-03 09:00:00,0.05222275090419213
2023-11-03 10:00:00,0.05215875608973424
2023-11-03 11:00:00,0.052257254627196825
2023-11-03 12:00:00,0.05221765107793397
2023-11-03 13:00:00,0.052298800701181945
2023-11-03 14:00:00,0.05202815416218894
2023-11-03 15:00:00,0.05214390318988857
2023-11-03 16:00:00,0.05239533655885128
2023-11-03 17:00:00,0.052469368903554886
2023-11-03 18:00:00,0.05256947220242958
2023-11-03 19:00:00,0.05262572582863928
2023-11-03 20:00:00,0.05283688660836887
2023-11-03 21:00:00,0.05279824269838288
2023-11-03 22:00:00,0.05288059723044489
2023-11-03 23:00:00,0.05278185049587944
2023-11-04 00:00:00,0.05270177562550444
2023-11-04 01:00:00,0.05277657123296735
2023-11-04 02:00:00,0.05284178896159137
2023-11-04 03:00:00,0.05285391186596943
2023-11-04 04:00:00,0.05277172031844929
2023-11-04 05:00:00,0.052671632729982536
2023-11-04 06:00:00,0.05267161746060496
2023-11-04 07:00:00,0.05274408222322581
2023-11-04 08:00:00,0.052789862142586574
2023-11-04 09:00:00,0.052915214933265814
2023-11-04 10:00:00,0.0530016411851084
2023-11-04 11:00:00,0.052940159662582434
2023-11-04 12:00:00,0.05288888121666177
2023-11-04 13:00:00,0.05289120204264541
2023-11-04 14:00:00,0.05276643651419785
2023-11-04 15:00:00,0.052771759173888995
2023-11-04 16:00:00,0.052841326711497605
2023-11-04 17:00:00,0.05289809421071557
2023-11-04 18:00:00,0.052912085384367674
2023-11-04 19:00:00,0.05286471231929966
2023-11-04 20:00:00,0.05288677888073658
2023-11-04 21:00:00,0.0529410750463382
2023-11-04 22:00:00,0.05282813375305334
2023-11-04 23:00:00,0.05293079156470501
2023-11-05 00:00:00,0.05291596741961399
2023-11-05 01:00:00,0.05290474954432785
2023-11-05 02:00:00,0.0529157821452213
2023-11-05 03:00:00,0.053535155973184805
2023-11-05 04:00:00,0.053559816696961166
2023-11-05 05:00:00,0.05364558596427363
2023-11-05 06:00:00,0.05360905322793675
2023-11-05 07:00:00,0.05359557974600033
2023-11-05 08:00:00,0.05366290274228776
2023-11-05 09:00:00,0.053816391536984386
2023-11-05 10:00:00,0.053751651330174934
2023-11-05 11:00:00,0.05380155796182337
2023-11-05 12:00:00,0.05391079527152798
2023-11-05 13:00:00,0.05370377283182054
2023-11-05 14:00:00,0.053796485234776224
2023-11-05 15:00:00,0.05373082986957145
2023-11-05 16:00:00,0.05386160426889458
2023-11-05 17:00:00,0.05418231380969082
2023-11-05 18:00:00,0.054034981544337835
2023-11-05 19:00:00,0.05397313606050819
2023-11-05 20:00:00,0.053860742501013956
2023-11-05 21:00:00,0.05390033253279143
2023-11-05 22:00:00,0.053927414258056576
2023-11-05 23:00:00,0.05403364464627424
2023-11-06 00:00:00,0.05406497222689782
2023-11-06 01:00:00,0.05407138289666484
2023-11-06 02:00:00,0.05402179642914441
2023-11-06 03:00:00,0.0539475602748068
2023-11-06 04:00:00,0.0538578215902672
2023-11-06 05:00:00,0.05385859572512066
2023-11-06 06:00:00,0.0538773624696218
2023-11-06 07:00:00,0.05382402411523507
2023-11-06 08:00:00,0.0539239579400222
2023-11-06 09:00:00,0.053761680047161614
2023-11-06 10:00:00,0.053915573556013154
2023-11-06 11:00:00,0.05388221672304584
2023-11-06 12:00:00,0.054127351121664696
2023-11-06 13:00:00,0.054155425563197135
2023-11-06 14:00:00,0.05435084658595283
2023-11-06 15:00:00,0.05418975621992656
2023-11-06 16:00:00,0.054158051425482814
2023-11-06 17:00:00,0.054232074398286985
2023-11-06 18:00:00,0.05417765849694709
2023-11-06 19:00:00,0.054246615202916654
2023-11-06 20:00:00,0.054111754274242606
2023-11-06 21:00:00,0.05402721935395441
2023-11-06 22:00:00,0.05419611684768679
2023-11-06 23:00:00,0.05424743150684931
2023-11-07 00:00:00,0.054172822962123036
2023-11-07 01:00:00,0.05418696232020102
2023-11-07 02:00:00,0.0540210503335076
2023-11-07 03:00:00,0.054129270597668894
2023-11-07 04:00:00,0.054255730714451514
2023-11-07 05:00:00,0.054260459600892506
2023-11-07 06:00:00,0.05416694077300849
2023-11-07 07:00:00,0.05415972520395019
2023-11-07 08:00:00,0.05411577635480682
2023-11-07 09:00:00,0.053903429083967704
2023-11-07 10:00:00,0.05396285571584882
2023-11-07 11:00:00,0.05409787301633142
2023-11-07 12:00:00,0.05404957250194317
2023-11-07 13:00:00,0.05387028777330124
2023-11-07 14:00:00,0.05390325711758591
2023-11-07 15:00:00,0.053656850546108116
2023-11-07 16:00:00,0.0535868775305395
2023-11-07 17:00:00,0.05375764010445063
2023-11-07 18:00:00,0.05352643732740906
2023-11-07 19:00:00,0.053432621112756505
2023-11-07 20:00:00,0.05336936228751105
2023-11-07 21:00:00,0.0533403240537158
2023-11-07 22:00:00,0.05327043205187797
2023-11-07 23:00:00,0.053263476691066576
2023-11-08 00:00:00,0.05336636631540842
2023-11-08 01:00:00,0.05337645119982813
2023-11-08 02:00:00,0.05345962006350213
2023-11-08 03:00:00,0.05336217846935535
2023-11-08 04:00:00,0.053341443748143334
2023-11-08 05:00:00,0.05329325014180374
2023-11-08 06:00:00,0.053259889664400616
2023-11-08 07:00:00,0.05322635130339994
2023-11-08 08:00:00,0.05319895176712232
2023-11-08 09:00:00,0.053399450284775156
2023-11-08 10:00:00,0.05329249617151608
2023-11-08 11:00:00,0.05324171702732921
2023-11-08 12:00:00,0.05327013548450899
2023-11-08 13:00:00,0.053354251806830795
2023-11-08 14:00:00,0.053428730824452944
2023-11-08 15:00:00,0.05363149109160488
2023-11-08 16:00:00,0.053644071147361354
2023-11-08 17:00:00,0.05357947852482784
2023-11-08 18:00:00,0.053386261669377696
2023-11-08 19:00:00,0.053322982935881814
2023-11-08 20:00:00,0.053232074761736276
2023-11-08 21:00:00,0.05303947993400806
2023-11-08 22:00:00,0.052847516650223726
2023-11-08 23:00:00,0.052998767764264036
2023-11-09 00:00:00,0.05292616607404309
2023-11-09 01:00:00,0.05295005626051403
2023-11-09 02:00:00,0.05274164718823044
2023-11-09 03:00:00,0.05266497078863816
2023-11-09 04:00:00,0.052423092327351095
2023-11-09 05:00:00,0.05242984650291822
2023-11-09 06:00:00,0.052402904699738906
2023-11-09 07:00:00,0.052312404539407775
2023-11-09 08:00:00,0.0522558369764721
2023-11-09 09:00:00,0.05199234496518588
2023-11-09 10:00:00,0.05203380790665273
2023-11-09 11:00:00,0.0519696055898765
2023-11-09 12:00:00,0.05184846742879456
2023-11-09 13:00:00,0.051674948813908626
2023-11-09 14:00:00,0.0524398649023341
2023-11-09 15:00:00,0.05488035722952968
2023-11-09 16:00:00,0.05550192359555509
2023-11-09 17:00:00,0.05526056466824444
2023-11-09 18:00:00,0.05499967006136858
2023-11-09 19:00:00,0.05548872841824015
2023-11-09 20:00:00,0.055688160745945244
2023-11-09 21:00:00,0.056341444053005736
2023-11-09 22:00:00,0.05731309223145562
2023-11-09 23:00:00,0.05779952752429817
2023-11-10 00:00:00,0.05754393273331214
2023-11-10 01:00:00,0.05748534329798281
2023-11-10 02:00:00,0.057620718000472054
2023-11-10 03:00:00,0.057734543435179336
2023-11-10 04:00:00,0.05797789340336111
2023-11-10 05:00:00,0.057772476006006664
2023-11-10 06:00:00,0.057597235878946794
2023-11-10 07:00:00,0.05768297769582016
2023-11-10 08:00:00,0.05744857386961093
2023-11-10 09:00:00,0.05752526385476909
2023-11-10 10:00:00,0.05684516116744709
2023-11-10 11:00:00,0.05655972508442757
2023-11-10 12:00:00,0.056076570979835295
2023-11-10 13:00:00,0.05611880213081978
2023-11-10 14:00:00,0.05612141361369572
2023-11-10 15:00:00,0.056354486638385555
2023-11-10 16:00:00,0.056075358845275224
2023-11-10 17:00:00,0.05636121199738697
2023-11-10 18:00:00,0.056243857642301304
2023-11-10 19:00:00,0.05608044952028965
2023-11-10 20:00:00,0.05606107813381322
2023-11-10 21:00:00,0.056139418677358145
2023-11-10 22:00:00,0.05573246958360659
2023-11-10 23:00:00,0.055694597470974105
2023-11-11 00:00:00,0.055688216557093974
2023-11-11 01:00:00,0.0552905012252653
2023-11-11 02:00:00,0.05515349458888458
2023-11-11 03:00:00,0.05525735284191086
2023-11-11 04:00:00,0.055231547933821866
2023-11-11 05:00:00,0.05544343472760573
2023-11-11 06:00:00,0.05544491182656528
2023-11-11 07:00:00,0.05552838432667443
2023-11-11 08:00:00,0.055438625917439255
2023-11-11 09:00:00,0.05567642015150083
2023-11-11 10:00:00,0.055725673521225705
2023-11-11 11:00:00,0.055636032324084365
2023-11-11 12:00:00,0.0555314475155991
2023-11-11 13:00:00,0.05552028731500999
2023-11-11 14:00:00,0.055905833196832455
2023-11-11 15:00:00,0.05582323138258388
2023-11-11 16:00:00,0.056151981251515236
2023-11-11 17:00:00,0.05579176850711559
2023-11-11 18:00:00,0.05595151495557244
2023-11-11 19:00:00,0.055873985654496756
2023-11-11 20:00:00,0.055613717435952864
2023-11-11 21:00:00,0.05530035287914227
2023-11-11 22:00:00,0.055433061901612325
2023-11-11 23:00:00,0.05529397824617531
2023-11-12 00:00:00,0.05510759243303583
2023-11-12 01:00:00,0.055178404238622775
2023-11-12 02:00:00,0.0553255207627555
2023-11-12 03:00:00,0.055469791309002724
2023-11-12 04:00:00,0.05538008377246319
2023-11-12 05:00:00,0.05530917166142039
2023-11-12 06:00:00,0.055294184164968216
2023-11-12 07:00:00,0.05542417892599157
2023-11-12 08:00:00,0.055421433423546794
2023-11-12 09:00:00,0.05533968531515705
2023-11-12 10:00:00,0.05525237494473738
2023-11-12 11:00:00,0.05525433059604222
2023-11-12 12:00:00,0.055245169029915275
2023-11-12 13:00:00,0.05528153055939226
2023-11-12 14:00:00,0.05539386074262344
2023-11-12 15:00:00,0.05536952309182904
2023-11-12 16:00:00,0.05526136385070774
2023-11-12 17:00:00,0.05530029236296161
2023-11-12 18:00:00,0.05526754997550353
2023-11-12 19:00:00,0.05522771007055805
2023-11-12 20:00:00,0.05526712664479886
2023-11-12 21:00:00,0.05542541567312403
2023-11-12 22:00:00,0.05546300134031661
2023-11-12 23:00:00,0.05516856206240641
2023-11-13 00:00:00,0.05537113218635596
2023-11-13 01:00:00,0.055446585315364
2023-11-13 02:00:00,0.055566384690355554
2023-11-13 03:00:00,0.0552585809877279
2023-11-13 04:00:00,0.05527946273830156
2023-11-13 05:00:00,0.05528289671500122
2023-11-13 06:00:00,0.05519697842855558
2023-11-13 07:00:00,0.05542411221629345
2023-11-13 08:00:00,0.05557392147489136
2023-11-13 09:00:00,0.055570786255599997
2023-11-13 10:00:00,0.055640903583174646
2023-11-13 11:00:00,0.055594246042524526
2023-11-13 12:00:00,0.055643294094708876
2023-11-13 13:00:00,0.05566401477096854
2023-11-13 14:00:00,0.05643950308532905
2023-11-13 15:00:00,0.05715061264596827
2023-11-13 16:00:00,0.05663578990780385
2023-11-13 17:00:00,0.05673559657595698
2023-11-13 18:00:00,0.05694950957445651
2023-11-13 19:00:00,0.056994625990663336
2023-11-13 20:00:00,0.05671291575922195
2023-11-13 21:00:00,0.05645355387487356
2023-11-13 22:00:00,0.056453850921116856
2023-11-13 23:00:00,0.056323859725143775
2023-11-14 00:00:00,0.05609999724069424
2023-11-14 01:00:00,0.05622911287170142
2023-11-14 02:00:00,0.056360277060175205
2023-11-14 03:00:00,0.05640054104922945
2023-11-14 04:00:00,0.05628210220657728
2023-11-14 05:00:00,0.056326276531264166
2023-11-14 06:00:00,0.0561280801346489
2023-11-14 07:00:00,0.0561642230017963
2023-11-14 08:00:00,0.05612711806736985
2023-11-14 09:00:00,0.056135031553783986
2023-11-14 10:00:00,0.0560931629529554
2023-11-14 11:00:00,0.056039334750752144
2023-11-14 12:00:00,0.055893268334016526
2023-11-14 13:00:00,0.055967266470871864
2023-11-14 14:00:00,0.05603304339746899
2023-11-14 15:00:00,0.056397116808013174
2023-11-14 16:00:00,0.056405667946982256
2023-11-14 17:00:00,0.05607599636476482
2023-11-14 18:00:00,0.05580946433133676
2023-11-14 19:00:00,0.05606807189144313
2023-11-14 20:00:00,0.055978826083137104
2023-11-14 21:00:00,0.055706707373641105
2023-11-14 22:00:00,0.05579416497468344
2023-11-14 23:00:00,0.05567038147583499
2023-11-15 00:00:00,0.055833380289626415
2023-11-15 01:00:00,0.05568995985749693
2023-11-15 02:00:00,0.055620282846046754
2023-11-15 03:00:00,0.05561713131084766
2023-11-15 04:00:00,0.05569644448317251
2023-11-15 05:00:00,0.055764314569368985
2023-11-15 06:00:00,0.05563818694367856
2023-11-15 07:00:00,0.05575008784875958
2023-11-15 08:00:00,0.05562286927848879
2023-11-15 09:00:00,0.05550388723388796
2023-11-15 10:00:00,0.05548402386661462
2023-11-15 11:00:00,0.05555071087954786
2023-11-15 12:00:00,0.05568029842497928
2023-11-15 13:00:00,0.05577431857029274
2023-11-15 14:00:00,0.05563710284929322
2023-11-15 15:00:00,0.05552652904253712
2023-11-15 16:00:00,0.055368621908904445
2023-11-15 17:00:00,0.05518655029253387
2023-11-15 18:00:00,0.054513820164012475
2023-11-15 19:00:00,0.054706058036404756
2023-11-15 20:00:00,0.05446429285057747
2023-11-15 21:00:00,0.05438783023356574
2023-11-15 22:00:00,0.05444783038809279
2023-11-15 23:00:00,0.05437595430938381
2023-11-16 00:00:00,0.054982788751787325
2023-11-16 01:00:00,0.05507492632934457
2023-11-16 02:00:00,0.05480724879955422
2023-11-16 03:00:00,0.05481814953365856
2023-11-16 04:00:00,0.05490047332599661
2023-11-16 05:00:00,0.05494976410623363
2023-11-16 06:00:00,0.05488359091090612
2023-11-16 07:00:00,0.05483271276169516
2023-11-16 08:00:00,0.05474413417406597
2023-11-16 09:00:00,0.054689558056605594
2023-11-16 10:00:00,0.05465694620588322
2023-11-16 11:00:00,0.055538850213037866
2023-11-16 12:00:00,0.05518042042430315
2023-11-16 13:00:00,0.05535186408965687
2023-11-16 14:00:00,0.05523800183612703
2023-11-16 15:00:00,0.0548126234366974
2023-11-16 16:00:00,0.05492837569532186
2023-11-16 17:00:00,0.054994588908501604
2023-11-16 18:00:00,0.05469503780979191
2023-11-16 19:00:00,0.05472301185799364
2023-11-16 20:00:00,0.05442991496499295
2023-11-16 21:00:00,0.05438763337254214
2023-11-16 22:00:00,0.054334157151338595
2023-11-16 23:00:00,0.054252421600426946
2023-11-17 00:00:00,0.05440875234054721
2023-11-17 01:00:00,0.05432314888262808
2023-11-17 02:00:00,0.05448709859711302
2023-11-17 03:00:00,0.05438188632070687
2023-11-17 04:00:00,0.054399062411655076
2023-11-17 05:00:00,0.05440195862676056
2023-11-17 06:00:00,0.05459702133044306
2023-11-17 07:00:00,0.054367407538234824
2023-11-17 08:00:00,0.05434599851644276
2023-11-17 09:00:00,0.05433921111261047
2023-11-17 10:00:00,0.05402573256396011
2023-11-17 11:00:00,0.05405149777979407
2023-11-17 12:00:00,0.053808135156966634
2023-11-17 13:00:00,0.05372676789635606
2023-11-17 14:00:00,0.053669067544829044
2023-11-17 15:00:00,0.05321140365234229
2023-11-17 16:00:00,0.05325082132156338
2023-11-17 17:00:00,0.05323871886901011
2023-11-17 18:00:00,0.05334978543714611
2023-11-17 19:00:00,0.053379790365167684
2023-11-17 20:00:00,0.053273789942320765
2023-11-17 21:00:00,0.05345393697433968
2023-11-17 22:00:00,0.0537015549486336
2023-11-17 23:00:00,0.05355593675906603
2023-11-18 00:00:00,0.053692073539269664
2023-11-18 01:00:00,0.05355869442201088
2023-11-18 02:00:00,0.05355426154310984
2023-11-18 03:00:00,0.0533649695643328
2023-11-18 04:00:00,0.05327103060697042
2023-11-18 05:00:00,0.053162365401977406
2023-11-18 06:00:00,0.053119966461463775
2023-11-18 07:00:00,0.05314908843260937
2023-11-18 08:00:00,0.05318593224012532
2023-11-18 09:00:00,0.053309337692846646
2023-11-18 10:00:00,0.05330560612374707
2023-11-18 11:00:00,0.05315370012719745
2023-11-18 12:00:00,0.053228028008253214
2023-11-18 13:00:00,0.053165522920669776
2023-11-18 14:00:00,0.05315207714117438
2023-11-18 15:00:00,0.05325768837367883
2023-11-18 16:00:00,0.05354774680451947
2023-11-18 17:00:00,0.05365741094738221
2023-11-18 18:00:00,0.05358638985885416
2023-11-18 19:00:00,0.05354419162656269
2023-11-18 20:00:00,0.053660816028725786
2023-11-18 21:00:00,0.05363325397476945
2023-11-18 22:00:00,0.053617669459253614
2023-11-18 23:00:00,0.053661798124594935
2023-11-19 00:00:00,0.05353463880204048
2023-11-19 01:00:00,0.0534669502348756
2023-11-19 02:00:00,0.0534536247905003
2023-11-19 03:00:00,0.053557346885130995
2023-11-19 04:00:00,0.053555239242308116
2023-11-19 05:00:00,0.05359658829458554
2023-11-19 06:00:00,0.05362047577150289
2023-11-19 07:00:00,0.05358345739377467
2023-11-19 08:00:00,0.053486593596281114
2023-11-19 09:00:00,0.05358025298070018
2023-11-19 10:00:00,0.05359046302506056
2023-11-19 11:00:00,0.053537500994412096
2023-11-19 12:00:00,0.05352274408993494
2023-11-19 13:00:00,0.05352919088848508
2023-11-19 14:00:00,0.053586877511554866
2023-11-19 15:00:00,0.05379067986654269
2023-11-19 16:00:00,0.0538494575416213
2023-11-19 17:00:00,0.05392009267784884
2023-11-19 18:00:00,0.053717025076957324
2023-11-19 19:00:00,0.05367973452860422
2023-11-19 20:00:00,0.053766240098822145
2023-11-19 21:00:00,0.05360133459871461
2023-11-19 22:00:00,0.053562002422983736
2023-11-19 23:00:00,0.053850581636614325
2023-11-20 00:00:00,0.053788114415641526
2023-11-20 01:00:00,0.0537981319739238
2023-11-20 02:00:00,0.053859866396457255
2023-11-20 03:00:00,0.05387850782060436
2023-11-20 04:00:00,0.053856842976672675
2023-11-20 05:00:00,0.05384341914962955
2023-11-20 06:00:00,0.05396457406580638
2023-11-20 07:00:00,0.05421849154690554
2023-11-20 08:00:00,0.0543345642003539
2023-11-20 09:00:00,0.05476316589008058
2023-11-20 10:00:00,0.05462211243693827
2023-11-20 11:00:00,0.054493840587513186
2023-11-20 12:00:00,0.054374188893017344
2023-11-20 13:00:00,0.05436013284737649
2023-11-20 14:00:00,0.05447388042749136
2023-11-20 15:00:00,0.05451497159454957
2023-11-20 16:00:00,0.054242768481293786
2023-11-20 17:00:00,0.05474663920006174
2023-11-20 18:00:00,0.05448907910586179
2023-11-20 19:00:00,0.054208025554002795
2023-11-20 20:00:00,0.054197438471925194
2023-11-20 21:00:00,0.05411782314234245
2023-11-20 22:00:00,0.054077905699850104
2023-11-20 23:00:00,0.053981216168942324
2023-11-21 00:00:00,0.054116983241119826
2023-11-21 01:00:00,0.05403468367962939
2023-11-21 02:00:00,0.053705078427497964
2023-11-21 03:00:00,0.0538838527819597
2023-11-21 04:00:00,0.05387429304881473
2023-11-21 05:00:00,0.053915070854591504
2023-11-21 06:00:00,0.053914502648207276
2023-11-21 07:00:00,0.05375943682225239
2023-11-21 08:00:00,0.053793138478894935
2023-11-21 09:00:00,0.05381743227957692
2023-11-21 10:00:00,0.05392225637510576
2023-11-21 11:00:00,0.053910800130203086
2023-11-21 12:00:00,0.054105044604556465
2023-11-21 13:00:00,0.05415549960014698
2023-11-21 14:00:00,0.05431351245106657
2023-11-21 15:00:00,0.0537714777096933
2023-11-21 16:00:00,0.05391906426458726
2023-11-21 17:00:00,0.05355720193157122
2023-11-21 18:00:00,0.05352488489009648
2023-11-21 19:00:00,0.05369318642802668
2023-11-21 20:00:00,0.05392646907509598
2023-11-21 21:00:00,0.053912098953171034
2023-11-21 22:00:00,0.05339504221294237
2023-11-21 23:00:00,0.05409411369740376
2023-11-22 00:00:00,0.05415396204259892
2023-11-22 01:00:00,0.05440816236047839
2023-11-22 02:00:00,0.05437724027915153
2023-11-22 03:00:00,0.054376668031784335
2023-11-22 04:00:00,0.05454657791544469
2023-11-22 05:00:00,0.05457425916859655
2023-11-22 06:00:00,0.0546194483774761
2023-11-22 07:00:00,0.05471184505875057
2023-11-22 08:00:00,0.054792043894246814
2023-11-22 09:00:00,0.05478506654746362
2023-11-22 10:00:00,0.05524191128737501
2023-11-22 11:00:00,0.05527071465597393
2023-11-22 12:00:00,0.05530869127590206
2023-11-22 13:00:00,0.055487688229346015
2023-11-22 14:00:00,0.055616734943963166
2023-11-22 15:00:00,0.055736159155323366
2023-11-22 16:00:00,0.0557611887910539
2023-11-22 17:00:00,0.055611196151322984
2023-11-22 18:00:00,0.05545744446296724
2023-11-22 19:00:00,0.055700279435979126
2023-11-22 20:00:00,0.055173467950098226
2023-11-22 21:00:00,0.055332009073044384
2023-11-22 22:00:00,0.055136298575060354
2023-11-22 23:00:00,0.055158033186568194
2023-11-23 00:00:00,0.05505196034020152
2023-11-23 01:00:00,0.05525331565341297
2023-11-23 02:00:00,0.05524999196511791
2023-11-23 03:00:00,0.05521620245020508
2023-11-23 04:00:00,0.05522645051240237
2023-11-23 05:00:00,0.055300665346513435
2023-11-23 06:00:00,0.05531336027174526
2023-11-23 07:00:00,0.05528342583721814
2023-11-23 08:00:00,0.05549956272263817
2023-11-23 09:00:00,0.05546873131810175
2023-11-23 10:00:00,0.05531512722826334
2023-11-23 11:00:00,0.05519665589967699
2023-11-23 12:00:00,0.0551373057828199
2023-11-23 13:00:00,0.05512952366119499
2023-11-23 14:00:00,0.055354507849730276
2023-11-23 15:00:00,0.05525988910027251
2023-11-23 16:00:00,0.05528475235349796
2023-11-23 17:00:00,0.055380699597224435
2023-11-23 18:00:00,0.05530359764755777
2023-11-23 19:00:00,0.055321158014464446
2023-11-23 20:00:00,0.05542651879751692
2023-11-23 21:00:00,0.05554090807797947
2023-11-23 22:00:00,0.055376754833919066
2023-11-23 23:00:00,0.05529451200707955
2023-11-24 00:00:00,0.05535260853360647
2023-11-24 01:00:00,0.05531308333734483
2023-11-24 02:00:00,0.05538311306115897
2023-11-24 03:00:00,0.055311742084176385
2023-11-24 04:00:00,0.05536566754575028
2023-11-24 05:00:00,0.055386522936981084
2023-11-24 06:00:00,0.05536917689296961
2023-11-24 07:00:00,0.05543927256058886
2023-11-24 08:00:00,0.05553617412302728
2023-11-24 09:00:00,0.056058725505569305
2023-11-24 10:00:00,0.05591934119599738
2023-11-24 11:00:00,0.055569275448340186
2023-11-24 12:00:00,0.055742673497311226
2023-11-24 13:00:00,0.055696460577628226
2023-11-24 14:00:00,0.05589790129859134
2023-11-24 15:00:00,0.055388644962765646
2023-11-24 16:00:00,0.055559796134182514
2023-11-24 17:00:00,0.05558931543766018
2023-11-24 18:00:00,0.05543078309739675
2023-11-24 19:00:00,0.05527691419552679
2023-11-24 20:00:00,0.055259713993385196
2023-11-24 21:00:00,0.05515603063768584
2023-11-24 22:00:00,0.05504460055893351
2023-11-24 23:00:00,0.05517310874453731
2023-11-25 00:00:00,0.05499597013659116
2023-11-25 01:00:00,0.05521228062747422
2023-11-25 02:00:00,0.05517121033052279
2023-11-25 03:00:00,0.05520987105615433
2023-11-25 04:00:00,0.055214694694376724
2023-11-25 05:00:00,0.055116579797066266
2023-11-25 06:00:00,0.05515495014923477
2023-11-25 07:00:00,0.05524539163192314
2023-11-25 08:00:00,0.05520732640700437
2023-11-25 09:00:00,0.05520114264817724
2023-11-25 10:00:00,0.055073225226946465
2023-11-25 11:00:00,0.0549958964034433
2023-11-25 12:00:00,0.05508073987470804
2023-11-25 13:00:00,0.055072905620360546
2023-11-25 14:00:00,0.05503568575303708
2023-11-25 15:00:00,0.05511994185923144
2023-11-25 16:00:00,0.055059779325256755
2023-11-25 17:00:00,0.054974248983860934
2023-11-25 18:00:00,0.05503585328708012
2023-11-25 19:00:00,0.05506517887834158
2023-11-25 20:00:00,0.05512492789059481
2023-11-25 21:00:00,0.05514407212470992
2023-11-25 22:00:00,0.05522690340931684
2023-11-25 23:00:00,0.055144855409311834
2023-11-26 00:00:00,0.05514659318239028
2023-11-26 01:00:00,0.054955019504816495
2023-11-26 02:00:00,0.055011763708429605
2023-11-26 03:00:00,0.05502543129838772
2023-11-26 04:00:00,0.05516254263500202
2023-11-26 05:00:00,0.05509640050086434
2023-11-26 06:00:00,0.055298822072316456
2023-11-26 07:00:00,0.055287343242663926
2023-11-26 08:00:00,0.05534609852809129
2023-11-26 09:00:00,0.05536444430320749
2023-11-26 10:00:00,0.05529852705960993
2023-11-26 11:00:00,0.05532536605173691
2023-11-26 12:00:00,0.05552681941417256
2023-11-26 13:00:00,0.05552727117641101
2023-11-26 14:00:00,0.055295094258783206
2023-11-26 15:00:00,0.05515461026247819
2023-11-26 16:00:00,0.05500095348343759
2023-11-26 17:00:00,0.05499305179231565
2023-11-26 18:00:00,0.055028785014607326
2023-11-26 19:00:00,0.0550244252181683
2023-11-26 20:00:00,0.055261463643038806
2023-11-26 21:00:00,0.05513638091491245
2023-11-26 22:00:00,0.05515490339286899
2023-11-26 23:00:00,0.05506332663083099
2023-11-27 00:00:00,0.0551376540789407
2023-11-27 01:00:00,0.055041576297908776
2023-11-27 02:00:00,0.0549451904264158
2023-11-27 03:00:00,0.05489923315884414
2023-11-27 04:00:00,0.05488621616921081
2023-11-27 05:00:00,0.05488247167338142
2023-11-27 06:00:00,0.05480505054841272
2023-11-27 07:00:00,0.054861861708832754
2023-11-27 08:00:00,0.05480123094064113
2023-11-27 09:00:00,0.05473775755953974
2023-11-27 10:00:00,0.0545632910027813
2023-11-27 11:00:00,0.05467575003982752
2023-11-27 12:00:00,0.05460103282143119
2023-11-27 13:00:00,0.05475890213737896
2023-11-27 14:00:00,0.05476045577791422
2023-11-27 15:00:00,0.05448646619200623
2023-11-27 16:00:00,0.05451510068019138
2023-11-27 17:00:00,0.05445169398107898
2023-11-27 18:00:00,0.05430339954225485
2023-11-27 19:00:00,0.05409658224895721
2023-11-27 20:00:00,0.054242105577792084
2023-11-27 21:00:00,0.05443443411003446
2023-11-27 22:00:00,0.05449399416406423
2023-11-27 23:00:00,0.05443846562807109
2023-11-28 00:00:00,0.05458051736817525
2023-11-28 01:00:00,0.05448848575438068
2023-11-28 02:00:00,0.0545147182234846
2023-11-28 03:00:00,0.05460292576760322
2023-11-28 04:00:00,0.0545819792246838
2023-11-28 05:00:00,0.054124898401517206
2023-11-28 06:00:00,0.054266931884339224
2023-11-28 07:00:00,0.054294292513724966
2023-11-28 08:00:00,0.054315576899129955
2023-11-28 09:00:00,0.054436585346122425
2023-11-28 10:00:00,0.05445290289548498
2023-11-28 11:00:00,0.05444448917696633
2023-11-28 12:00:00,0.05436310517304865
2023-11-28 13:00:00,0.05439568076121238
2023-11-28 14:00:00,0.05436651831949324
2023-11-28 15:00:00,0.05428423656877173
2023-11-28 16:00:00,0.05430600472563592
2023-11-28 17:00:00,0.05422608377059262
2023-11-28 18:00:00,0.05416921213397936
2023-11-28 19:00:00,0.054022216508639455
2023-11-28 20:00:00,0.05401251538239992
2023-11-28 21:00:00,0.05411972434148977
2023-11-28 22:00:00,0.05410947507428194
2023-11-28 23:00:00,0.05416339449322958
2023-11-29 00:00:00,0.05409254452604035
2023-11-29 01:00:00,0.05406379428071276
2023-11-29 02:00:00,0.054024442968165096
2023-11-29 03:00:00,0.054107477004981155
2023-11-29 04:00:00,0.05416184437736446
2023-11-29 05:00:00,0.05398720099279071
2023-11-29 06:00:00,0.05400997089421054
2023-11-29 07:00:00,0.05400183751148444
2023-11-29 08:00:00,0.05402446658667641
2023-11-29 09:00:00,0.05398191711969654
2023-11-29 10:00:00,0.05393415553325801
2023-11-29 11:00:00,0.053880698475857025
2023-11-29 12:00:00,0.05383673875895038
2023-11-29 13:00:00,0.05388260607173782
2023-11-29 14:00:00,0.05384237104407371
2023-11-29 15:00:00,0.053705299553788576
2023-11-29 16:00:00,0.05364631052690114
2023-11-29 17:00:00,0.05381290431873286
2023-11-29 18:00:00,0.05380744982343448
2023-11-29 19:00:00,0.053833257205921574
2023-11-29 20:00:00,0.05380357299307861
2023-11-29 21:00:00,0.053763187254374546
2023-11-29 22:00:00,0.05369320211592048
2023-11-29 23:00:00,0.053601177188537734
2023-11-30 00:00:00,0.05363973721684904
2023-11-30 01:00:00,0.053707893180425785
2023-11-30 02:00:00,0.05375232986076276
2023-11-30 03:00:00,0.053631911935171
2023-11-30 04:00:00,0.05362602002796436
2023-11-30 05:00:00,0.05369063739814221
2023-11-30 06:00:00,0.05374244340975536
2023-11-30 07:00:00,0.05386107281862946
2023-11-30 08:00:00,0.05378356279301905
2023-11-30 09:00:00,0.05380052607575067
2023-11-30 10:00:00,0.05387662930412261
2023-11-30 11:00:00,0.05400104533479751
2023-11-30 12:00:00,0.05400750863334424
2023-11-30 13:00:00,0.05395391494967648
2023-11-30 14:00:00,0.053912630100096406
2023-11-30 15:00:00,0.05404103507494032
2023-11-30 16:00:00,0.0540355833335546
2023-11-30 17:00:00,0.0540328991298265
2023-11-30 18:00:00,0.054025580353949006
2023-11-30 19:00:00,0.05406976744186046
2023-11-30 20:00:00,0.054161178587613594
2023-11-30 21:00:00,0.05420807885428121
2023-11-30 22:00:00,0.054206172767452106
2023-11-30 23:00:00,0.05439094160345921
2023-12-01 00:00:00,0.054392021887795856
2023-12-01 01:00:00,0.055043775267632655
2023-12-01 02:00:00,0.05490962975440665
2023-12-01 03:00:00,0.05499575506041481
2023-12-01 04:00:00,0.05487814141096661
2023-12-01 05:00:00,0.05486475427036555
2023-12-01 06:00:00,0.05475617830794314
2023-12-01 07:00:00,0.05472107100367374
2023-12-01 08:00:00,0.05466393464018167
2023-12-01 09:00:00,0.05437555230560134
2023-12-01 10:00:00,0.054218883786097925
2023-12-01 11:00:00,0.05425064278012772
2023-12-01 12:00:00,0.054409851749316354
2023-12-01 13:00:00,0.05423268907453505
2023-12-01 14:00:00,0.05424475374844087
2023-12-01 15:00:00,0.05415294414750287
2023-12-01 16:00:00,0.05425837912512757
2023-12-01 17:00:00,0.05398542132775206
2023-12-01 18:00:00,0.05402471381219466
2023-12-01 19:00:00,0.05392309379151993
2023-12-01 20:00:00,0.053957049910574414
2023-12-01 21:00:00,0.053925502614938677
2023-12-01 22:00:00,0.05388582694459301
2023-12-01 23:00:00,0.053956743397241005
2023-12-02 00:00:00,0.054040998935763515
2023-12-02 01:00:00,0.05405225452143034
2023-12-02 02:00:00,0.054022997412016306
2023-12-02 03:00:00,0.053959773078906655
2023-12-02 04:00:00,0.05395282933803924
2023-12-02 05:00:00,0.0540690217573632
2023-12-02 06:00:00,0.054221323525618884
2023-12-02 07:00:00,0.05415238011570492
2023-12-02 08:00:00,0.05423840460844969
2023-12-02 09:00:00,0.054244303748500984
2023-12-02 10:00:00,0.05425154398651771
2023-12-02 11:00:00,0.05418421922107958
2023-12-02 12:00:00,0.054304097789927015
2023-12-02 13:00:00,0.05420528001277879
2023-12-02 14:00:00,0.054142574931528756
2023-12-02 15:00:00,0.0542269762695617
2023-12-02 16:00:00,0.0541807021483644
2023-12-02 17:00:00,0.054279144583530954
2023-12-02 18:00:00,0.05523562566401959
2023-12-02 19:00:00,0.05476184436812281
2023-12-02 20:00:00,0.054529441941214674
2023-12-02 21:00:00,0.054808649807158646
2023-12-02 22:00:00,0.05483804567147642
2023-12-02 23:00:00,0.054871872861379366
2023-12-03 00:00:00,0.0548360720062984
2023-12-03 01:00:00,0.054946813899300985
2023-12-03 02:00:00,0.05499433472382413
2023-12-03 03:00:00,0.054895875660300686
2023-12-03 04:00:00,0.05478485798645166
2023-12-03 05:00:00,0.05481146075111297
2023-12-03 06:00:00,0.054725051691550494
2023-12-03 07:00:00,0.05482740103549246
2023-12-03 08:00:00,0.05483500112934703
2023-12-03 09:00:00,0.05490333732081668
2023-12-03 10:00:00,0.054800050588086506
2023-12-03 11:00:00,0.05469096306653394
2023-12-03 12:00:00,0.05464441071818325
2023-12-03 13:00:00,0.05448940599998992
2023-12-03 14:00:00,0.05441272040843678
2023-12-03 15:00:00,0.054335960883541014
2023-12-03 16:00:00,0.05444408589680888
2023-12-03 17:00:00,0.054493910121797565
2023-12-03 18:00:00,0.054656885058517686
2023-12-03 19:00:00,0.05479415006015752
2023-12-03 20:00:00,0.05480056619988878
2023-12-03 21:00:00,0.05498582242524666
2023-12-03 22:00:00,0.05503931700741407
2023-12-03 23:00:00,0.05486096691475389
2023-12-04 00:00:00,0.054964423476277766
2023-12-04 01:00:00,0.05452608555362065
2023-12-04 02:00:00,0.05438441664433754
2023-12-04 03:00:00,0.05429083075199771
2023-12-04 04:00:00,0.054390353032648
2023-12-04 05:00:00,0.05411496801089196
2023-12-04 06:00:00,0.05428829007378976
2023-12-04 07:00:00,0.05419848801828084
2023-12-04 08:00:00,0.0541023248226576
2023-12-04 09:00:00,0.05405521212471354
2023-12-04 10:00:00,0.053856765720603085
2023-12-04 11:00:00,0.053792524815909105
2023-12-04 12:00:00,0.05389660106136082
2023-12-04 13:00:00,0.053657794348809566
2023-12-04 14:00:00,0.053434108154836235
2023-12-04 15:00:00,0.053581881262962025
2023-12-04 16:00:00,0.053470850811314675
2023-12-04 17:00:00,0.053333349355199976
2023-12-04 18:00:00,0.053311155902703716
2023-12-04 19:00:00,0.05321648988497479
2023-12-04 20:00:00,0.05337148466962779
2023-12-04 21:00:00,0.05315377461043148
2023-12-04 22:00:00,0.05311645558153893
2023-12-04 23:00:00,0.05343085999556986
2023-12-05 00:00:00,0.05372080818682761
2023-12-05 01:00:00,0.05358630308046725
2023-12-05 02:00:00,0.053408905757305655
2023-12-05 03:00:00,0.053332871098699844
2023-12-05 04:00:00,0.053305407281518544
2023-12-05 05:00:00,0.053323693215170304
2023-12-05 06:00:00,0.05345790897956151
2023-12-05 07:00:00,0.05297922189875581
2023-12-05 08:00:00,0.05290539793618219
2023-12-05 09:00:00,0.05293133131596994
2023-12-05 10:00:00,0.05281719923682832
2023-12-05 11:00:00,0.05283199286789306
2023-12-05 12:00:00,0.05285012707572949
2023-12-05 13:00:00,0.05261836561957545
2023-12-05 14:00:00,0.05252511368995287
2023-12-05 15:00:00,0.052726489821798665
2023-12-05 16:00:00,0.05236373683495755
2023-12-05 17:00:00,0.05285162337362951
2023-12-05 18:00:00,0.052165119689582665
2023-12-05 19:00:00,0.05188076682509028
2023-12-05 20:00:00,0.05175594911722777
2023-12-05 21:00:00,0.051791886442087515
2023-12-05 22:00:00,0.05153568895975139
2023-12-05 23:00:00,0.05202808183121858
2023-12-06 00:00:00,0.05234812200084282
2023-12-06 01:00:00,0.052315006860461415
2023-12-06 02:00:00,0.052214215906269144
2023-12-06 03:00:00,0.05216972784371649
2023-12-06 04:00:00,0.05212024882221104
2023-12-06 05:00:00,0.05196577947638752
2023-12-06 06:00:00,0.0520402275162806
2023-12-06 07:00:00,0.0518652036182524
2023-12-06 08:00:00,0.0520025919385236
2023-12-06 09:00:00,0.05183643603987207
2023-12-06 10:00:00,0.05160969239106037
2023-12-06 11:00:00,0.051399594413028056
2023-12-06 12:00:00,0.05140842991235779
2023-12-06 13:00:00,0.05128089989567741
2023-12-06 14:00:00,0.05117341159860448
2023-12-06 15:00:00,0.05145100171082296
2023-12-06 16:00:00,0.05168648983910394
2023-12-06 17:00:00,0.051615603320823385
2023-12-06 18:00:00,0.05172646888122631
2023-12-06 19:00:00,0.051447011857995065
2023-12-06 20:00:00,0.05146572881960155
2023-12-06 21:00:00,0.051297769156159065
2023-12-06 22:00:00,0.051031588470333976
2023-12-06 23:00:00,0.05102597147388
2023-12-07 00:00:00,0.05115894833169405
2023-12-07 01:00:00,0.0510832178067941
2023-12-07 02:00:00,0.05113658075022973
2023-12-07 03:00:00,0.05119978872790522
2023-12-07 04:00:00,0.05150620429239221
2023-12-07 05:00:00,0.0514637771404417
2023-12-07 06:00:00,0.05153580116316448
2023-12-07 07:00:00,0.05153754480470503
2023-12-07 08:00:00,0.05151687597665886
2023-12-07 09:00:00,0.051699465803094466
2023-12-07 10:00:00,0.051752692035746985
2023-12-07 11:00:00,0.05177407591771529
2023-12-07 12:00:00,0.05196424950692153
2023-12-07 13:00:00,0.05194229250107405
2023-12-07 14:00:00,0.052126054864448476
2023-12-07 15:00:00,0.05316194760397436
2023-12-07 16:00:00,0.05370522542648718
2023-12-07 17:00:00,0.05377516662597937
2023-12-07 18:00:00,0.05396230248515465
2023-12-07 19:00:00,0.054054404324944794
2023-12-07 20:00:00,0.05416579941813405
2023-12-07 21:00:00,0.054609687108828395
2023-12-07 22:00:00,0.05448021196253104
2023-12-07 23:00:00,0.05442941745980032
2023-12-08 00:00:00,0.05439301136965909
2023-12-08 01:00:00,0.05438720572074947
2023-12-08 02:00:00,0.05468372472613998
2023-12-08 03:00:00,0.054763403593968696
2023-12-08 04:00:00,0.05452788247801295
2023-12-08 05:00:00,0.05471044275744242
2023-12-08 06:00:00,0.054758489312829214
2023-12-08 07:00:00,0.054519927809041475
2023-12-08 08:00:00,0.054409539192047274
2023-12-08 09:00:00,0.05440397573577305
2023-12-08 10:00:00,0.05439189812678786
2023-12-08 11:00:00,0.054199541809851086
2023-12-08 12:00:00,0.05400936872017978
2023-12-08 13:00:00,0.053784827643183174
2023-12-08 14:00:00,0.053772488325064774
2023-12-08 15:00:00,0.053608122560535286
2023-12-08 16:00:00,0.05374480806974302
2023-12-08 17:00:00,0.053743339964784705
2023-12-08 18:00:00,0.05354051783953548
2023-12-08 19:00:00,0.05353816678385087
2023-12-08 20:00:00,0.05332774257251645
2023-12-08 21:00:00,0.053178659815577546
2023-12-08 22:00:00,0.05340926807554912
2023-12-08 23:00:00,0.053399414506915654
2023-12-09 00:00:00,0.05348045385806522
2023-12-09 01:00:00,0.05336391575931752
2023-12-09 02:00:00,0.05331786048598944
2023-12-09 03:00:00,0.05346229387871607
2023-12-09 04:00:00,0.05352505917487504
2023-12-09 05:00:00,0.05346060381585604
2023-12-09 06:00:00,0.05362477206604315
2023-12-09 07:00:00,0.05393927047612581
2023-12-09 08:00:00,0.05387937130734311
2023-12-09 09:00:00,0.05378951522215659
2023-12-09 10:00:00,0.053832482735176886
2023-12-09 11:00:00,0.053777417661424694
2023-12-09 12:00:00,0.0537328564268465
2023-12-09 13:00:00,0.053624944033200526
2023-12-09 14:00:00,0.05352443812233286
2023-12-09 15:00:00,0.05363256448497148
2023-12-09 16:00:00,0.05349799287111439
2023-12-09 17:00:00,0.05349060257432509
2023-12-09 18:00:00,0.05365520786656143
2023-12-09 19:00:00,0.05367236912204651
2023-12-09 20:00:00,0.05350689099248029
2023-12-09 21:00:00,0.05356862584532656
2023-12-09 22:00:00,0.05361158184369249
2023-12-09 23:00:00,0.05354805354050425
2023-12-10 00:00:00,0.05372566937768436
2023-12-10 01:00:00,0.05364068304332837
2023-12-10 02:00:00,0.05361416727053278
2023-12-10 03:00:00,0.053620187110281936
2023-12-10 04:00:00,0.05358166123904519
2023-12-10 05:00:00,0.05370217633013142
2023-12-10 06:00:00,0.053525424964016986
2023-12-10 07:00:00,0.05353498136131751
2023-12-10 08:00:00,0.053546253192198925
2023-12-10 09:00:00,0.05327053718458582
2023-12-10 10:00:00,0.053449388377105674
2023-12-10 11:00:00,0.05344823644004627
2023-12-10 12:00:00,0.05353096659526957
2023-12-10 13:00:00,0.053494854202401375
2023-12-10 14:00:00,0.05352103037188103
2023-12-10 15:00:00,0.053566166339871504
2023-12-10 16:00:00,0.05357805366110767
2023-12-10 17:00:00,0.053511285950292524
2023-12-10 18:00:00,0.05378254798346247
2023-12-10 19:00:00,0.053777865051294754
2023-12-10 20:00:00,0.05404918443023864
2023-12-10 21:00:00,0.05387196778420532
2023-12-10 22:00:00,0.05394057614823071
2023-12-10 23:00:00,0.05371802484926
2023-12-11 00:00:00,0.05371735069281285
2023-12-11 01:00:00,0.05395019917553819
2023-12-11 02:00:00,0.0531513922095382
2023-12-11 03:00:00,0.05322519643346791
2023-12-11 04:00:00,0.053157565207492395
2023-12-11 05:00:00,0.0535039117304354
2023-12-11 06:00:00,0.053248982207926315
2023-12-11 07:00:00,0.05311157321027569
2023-12-11 08:00:00,0.05312166330876661
2023-12-11 09:00:00,0.05305292363444188
2023-12-11 10:00:00,0.052985648687805864
2023-12-11 11:00:00,0.053128129073699716
2023-12-11 12:00:00,0.05311746395728411
2023-12-11 13:00:00,0.053128794046649816
2023-12-11 14:00:00,0.05304501576985568
2023-12-11 15:00:00,0.05308277259364332
2023-12-11 16:00:00,0.05312144882115814
2023-12-11 17:00:00,0.05332699711726353
2023-12-11 18:00:00,0.05338760056330066
2023-12-11 19:00:00,0.05364588059020719
2023-12-11 20:00:00,0.05386450848718601
2023-12-11 21:00:00,0.05383543756947377
2023-12-11 22:00:00,0.0538453527348821
2023-12-11 23:00:00,0.053937304698390066
2023-12-12 00:00:00,0.05347714865898362
2023-12-12 01:00:00,0.05361772263046904
2023-12-12 02:00:00,0.05348262212528697
2023-12-12 03:00:00,0.05345225346950215
2023-12-12 04:00:00,0.0535800935681559
2023-12-12 05:00:00,0.05355051367803094
2023-12-12 06:00:00,0.05335992650498082
2023-12-12 07:00:00,0.05327538416766456
2023-12-12 08:00:00,0.05317725195597306
2023-12-12 09:00:00,0.053255469633874786
2023-12-12 10:00:00,0.053222704833339705
2023-12-12 11:00:00,0.053106274106206774
2023-12-12 12:00:00,0.05315512289304029
2023-12-12 13:00:00,0.053176140793999314
2023-12-12 14:00:00,0.05320515139020503
2023-12-12 15:00:00,0.053038334671451644
2023-12-12 16:00:00,0.05301133711156424
2023-12-12 17:00:00,0.05336982585793467
2023-12-12 18:00:00,0.05303079824618744
2023-12-12 19:00:00,0.05297402559514547
2023-12-12 20:00:00,0.053048103181494076
2023-12-12 21:00:00,0.052861122261552866
2023-12-12 22:00:00,0.05306686198090351
2023-12-12 23:00:00,0.05310653169438419
2023-12-13 00:00:00,0.0532114632856622
2023-12-13 01:00:00,0.05299869335855607
2023-12-13 02:00:00,0.05302089201362724
2023-12-13 03:00:00,0.05305987972613813
2023-12-13 04:00:00,0.05297828021553536
2023-12-13 05:00:00,0.05297275291375859
2023-12-13 06:00:00,0.05272351307369477
2023-12-13 07:00:00,0.052837631448388565
2023-12-13 08:00:00,0.05295336360684498
2023-12-13 09:00:00,0.05283418489890389
2023-12-13 10:00:00,0.05293408487128818
2023-12-13 11:00:00,0.05295434427968427
2023-12-13 12:00:00,0.05295546362235675
2023-12-13 13:00:00,0.0528435676040712
2023-12-13 14:00:00,0.05282703253308102
2023-12-13 15:00:00,0.05288551649803387
2023-12-13 16:00:00,0.05267229355344109
2023-12-13 17:00:00,0.05256312546743118
2023-12-13 18:00:00,0.05262509436380988
2023-12-13 19:00:00,0.052723536900438094
2023-12-13 20:00:00,0.052683750556855216
2023-12-13 21:00:00,0.05259977531800875
2023-12-13 22:00:00,0.052611551244216466
2023-12-13 23:00:00,0.052722615801272264
2023-12-14 00:00:00,0.05279820309176666
2023-12-14 01:00:00,0.052615509586700464
2023-12-14 02:00:00,0.05266355063704023
2023-12-14 03:00:00,0.0527028324082376
2023-12-14 04:00:00,0.052628572097542695
2023-12-14 05:00:00,0.05283834735765046
2023-12-14 06:00:00,0.05312501456910418
2023-12-14 07:00:00,0.05320670010815649
2023-12-14 08:00:00,0.05317617895019937
2023-12-14 09:00:00,0.05328405884958848
2023-12-14 10:00:00,0.05320998200706216
2023-12-14 11:00:00,0.053335197906746665
2023-12-14 12:00:00,0.05342586232502877
2023-12-14 13:00:00,0.053540621300107116
2023-12-14 14:00:00,0.053632341874090064
2023-12-14 15:00:00,0.053595093007205497
2023-12-14 16:00:00,0.0535785722334911
2023-12-14 17:00:00,0.05333513855041069
2023-12-14 18:00:00,0.05335857808139914
2023-12-14 19:00:00,0.05320119086017138
2023-12-14 20:00:00,0.05336457025161174
2023-12-14 21:00:00,0.05348927575888723
2023-12-14 22:00:00,0.053749457264987026
2023-12-14 23:00:00,0.05382076480377846
2023-12-15 00:00:00,0.05361785660996717
2023-12-15 01:00:00,0.05348311730621553
2023-12-15 02:00:00,0.05333959896826915
2023-12-15 03:00:00,0.05328868032120255
2023-12-15 04:00:00,0.05329472530912505
2023-12-15 05:00:00,0.05319594551759924
2023-12-15 06:00:00,0.053080654443804984
2023-12-15 07:00:00,0.05319553538390921
2023-12-15 08:00:00,0.05311925535389354
2023-12-15 09:00:00,0.05318743609019045
2023-12-15 10:00:00,0.05320414226732422
2023-12-15 11:00:00,0.053129090773085995
2023-12-15 12:00:00,0.0530291545121084
2023-12-15 13:00:00,0.0531757967868409
2023-12-15 14:00:00,0.053188205843029045
2023-12-15 15:00:00,0.05326571281965609
2023-12-15 16:00:00,0.0535295046586303
2023-12-15 17:00:00,0.05328452502700067
2023-12-15 18:00:00,0.053301999938251514
2023-12-15 19:00:00,0.053261595106597774
2023-12-15 20:00:00,0.05330380721179466
2023-12-15 21:00:00,0.05318900537322481
2023-12-15 22:00:00,0.0530463043974437
2023-12-15 23:00:00,0.052948259705329015
2023-12-16 00:00:00,0.0531674899181521
2023-12-16 01:00:00,0.05328542460556125
2023-12-16 02:00:00,0.05325644955421327
2023-12-16 03:00:00,0.05326155001878052
2023-12-16 04:00:00,0.05320756412408871
2023-12-16 05:00:00,0.05318538847354973
2023-12-16 06:00:00,0.053171167456881746
2023-12-16 07:00:00,0.053082989910473215
2023-12-16 08:00:00,0.05320667842646334
2023-12-16 09:00:00,0.05322137346702807
2023-12-16 10:00:00,0.05320016943256655
2023-12-16 11:00:00,0.05323493211686247
2023-12-16 12:00:00,0.053183147998406365
2023-12-16 13:00:00,0.05297634912809965
2023-12-16 14:00:00,0.053057625710259126
2023-12-16 15:00:00,0.05296391661835363
2023-12-16 16:00:00,0.05290012090195204
2023-12-16 17:00:00,0.05292415477235139
2023-12-16 18:00:00,0.052818524998999146
2023-12-16 19:00:00,0.052777817135894134
2023-12-16 20:00:00,0.05286676415074283
2023-12-16 21:00:00,0.052736743051155215
2023-12-16 22:00:00,0.05268158484358603
2023-12-16 23:00:00,0.052722786915105256
2023-12-17 00:00:00,0.05281952478799584
2023-12-17 01:00:00,0.0529306178805661
2023-12-17 02:00:00,0.05287080996914494
2023-12-17 03:00:00,0.05286339829999142
2023-12-17 04:00:00,0.05288279086820609
2023-12-17 05:00:00,0.052844783350636644
2023-12-17 06:00:00,0.05273582322336385
2023-12-17 07:00:00,0.0527300551979678
2023-12-17 08:00:00,0.05286023548281615
2023-12-17 09:00:00,0.052856540617013725
2023-12-17 10:00:00,0.05283531635822704
2023-12-17 11:00:00,0.05281673021925644
2023-12-17 12:00:00,0.05285209261523865
2023-12-17 13:00:00,0.052786490495904295
2023-12-17 14:00:00,0.05305667466660901
2023-12-17 15:00:00,0.053142191521321075
2023-12-17 16:00:00,0.05302313653977662
2023-12-17 17:00:00,0.05289348662644306
2023-12-17 18:00:00,0.052936740738281605
2023-12-17 19:00:00,0.053060216473448996
2023-12-17 20:00:00,0.053347054857609516
2023-12-17 21:00:00,0.053421286681338796
2023-12-17 22:00:00,0.05318543486130323
2023-12-17 23:00:00,0.053089636436585465
2023-12-18 00:00:00,0.05302278358614855
2023-12-18 01:00:00,0.05293869365369038
2023-12-18 02:00:00,0.05296920650831877
2023-12-18 03:00:00,0.05292465550055246
2023-12-18 04:00:00,0.05279775460950892
2023-12-18 05:00:00,0.05282523348533249
2023-12-18 06:00:00,0.052911429264741565
2023-12-18 07:00:00,0.05274084844005291
2023-12-18 08:00:00,0.05272631060254827
2023-12-18 09:00:00,0.0525850497570007
2023-12-18 10:00:00,0.05234106050322571
2023-12-18 11:00:00,0.05210504934526603
2023-12-18 12:00:00,0.05203403090162331
2023-12-18 13:00:00,0.052158961473631776
2023-12-18 14:00:00,0.0521336377839202
2023-12-18 15:00:00,0.05222733882695105
2023-12-18 16:00:00,0.05213568717238055
2023-12-18 17:00:00,0.052261685313722314
2023-12-18 18:00:00,0.052117424988352604
2023-12-18 19:00:00,0.05214273039866871
2023-12-18 20:00:00,0.05209759049924703
2023-12-18 21:00:00,0.052002177197608836
2023-12-18 22:00:00,0.052056470300395466
2023-12-18 23:00:00,0.052024109265328515
2023-12-19 00:00:00,0.051861045670205934
2023-12-19 01:00:00,0.05189018829152284
2023-12-19 02:00:00,0.05184764743571886
2023-12-19 03:00:00,0.0519284920039835
2023-12-19 04:00:00,0.05211195739039466
2023-12-19 05:00:00,0.05222957810739592
2023-12-19 06:00:00,0.052273908493624476
2023-12-19 07:00:00,0.052235709074348595
2023-12-19 08:00:00,0.0521648020384436
2023-12-19 09:00:00,0.052158586827961366
2023-12-19 10:00:00,0.05197800236020207
2023-12-19 11:00:00,0.05203950093307459
2023-12-19 12:00:00,0.05199904984583283
2023-12-19 13:00:00,0.05191349500340571
2023-12-19 14:00:00,0.05163748114683868
2023-12-19 15:00:00,0.05158321407050317
2023-12-19 16:00:00,0.051432992004157366
2023-12-19 17:00:00,0.051147298120691506
2023-12-19 18:00:00,0.05145126483777055
2023-12-19 19:00:00,0.05141456179053432
2023-12-19 20:00:00,0.05140254862444851
2023-12-19 21:00:00,0.05141225530433638
2023-12-19 22:00:00,0.05144431110565157
2023-12-19 23:00:00,0.05152098721036419
2023-12-20 00:00:00,0.051516865851071354
2023-12-20 01:00:00,0.05144810370748589
2023-12-20 02:00:00,0.05150788768446434
2023-12-20 03:00:00,0.05152890204749355
2023-12-20 04:00:00,0.051707950506102655
2023-12-20 05:00:00,0.051730757525388964
2023-12-20 06:00:00,0.05144644435684947
2023-12-20 07:00:00,0.05163177928001379
2023-12-20 08:00:00,0.05161966695028564
2023-12-20 09:00:00,0.051758079970087176
2023-12-20 10:00:00,0.05178577676799014
2023-12-20 11:00:00,0.051590319510283304
2023-12-20 12:00:00,0.051474584473356046
2023-12-20 13:00:00,0.05136097080680497
2023-12-20 14:00:00,0.05109206039497438
2023-12-20 15:00:00,0.05102598402485527
2023-12-20 16:00:00,0.050887842124778565
2023-12-20 17:00:00,0.050739276792959316
2023-12-20 18:00:00,0.05040588901472254
2023-12-20 19:00:00,0.050409742356201465
2023-12-20 20:00:00,0.05026610192900879
2023-12-20 21:00:00,0.050165075727771145
2023-12-20 22:00:00,0.050263131946626065
2023-12-20 23:00:00,0.05043764026931709
2023-12-21 00:00:00,0.0503070102979239
2023-12-21 01:00:00,0.05049980210413925
2023-12-21 02:00:00,0.050510750767912
2023-12-21 03:00:00,0.05043122806052774
2023-12-21 04:00:00,0.0504304910532131
2023-12-21 05:00:00,0.05043933338083298
2023-12-21 06:00:00,0.050549202167128236
2023-12-21 07:00:00,0.05061759429596535
2023-12-21 08:00:00,0.05060956620502674
2023-12-21 09:00:00,0.050754659180276905
2023-12-21 10:00:00,0.05102975244564785
2023-12-21 11:00:00,0.05129067798153442
2023-12-21 12:00:00,0.051284071071682334
2023-12-21 13:00:00,0.05100650615728952
2023-12-21 14:00:00,0.05090234460258929
2023-12-21 15:00:00,0.05093895695791181
2023-12-21 16:00:00,0.051187098871861104
2023-12-21 17:00:00,0.05137687530785202
2023-12-21 18:00:00,0.0511655819418563
2023-12-21 19:00:00,0.051048566007694765
2023-12-21 20:00:00,0.051129460982672154
2023-12-21 21:00:00,0.051115910563468335
2023-12-21 22:00:00,0.05107444298044999
2023-12-21 23:00:00,0.05105909499249856
2023-12-22 00:00:00,0.051126069594980034
2023-12-22 01:00:00,0.051124195424319445
2023-12-22 02:00:00,0.05096612478761176
2023-12-22 03:00:00,0.05110261199965458
2023-12-22 04:00:00,0.05125143987011692
2023-12-22 05:00:00,0.05118126826615918
2023-12-22 06:00:00,0.051588365055057255
2023-12-22 07:00:00,0.05212929483885178
2023-12-22 08:00:00,0.0525398543413256
2023-12-22 09:00:00,0.052942790004480246
2023-12-22 10:00:00,0.052639829373951605
2023-12-22 11:00:00,0.05286652008758177
2023-12-22 12:00:00,0.05263877859231479
2023-12-22 13:00:00,0.05283028799502005
2023-12-22 14:00:00,0.0536147532343735
2023-12-22 15:00:00,0.05312301047492111
2023-12-22 16:00:00,0.05338894968429632
